qa,0,1,2,3,4,5,6,7,8,9
0,0,6,5,3,3,7,0,6,1,0
1,4,8,6,6,6,7,4,1,7,4
2,4,3,1,8,7,5,3,7,4,3
3,4,2,0,4,7,0,7,7,2,5
4,1,6,6,3,0,8,4,8,6,7
5,6,1,3,4,4,0,4,1,6,6
6,8,6,3,8,3,2,8,3,0,4
7,7,1,4,1,6,4,2,2,5,6
8,8,3,1,7,5,6,0,2,6,7
9,3,7,7,3,8,2,2,6,5,1
10,7,1,7,0,7,7,7,5,4,6
11,2,7,5,4,4,5,0,1,2,1
12,3,6,5,4,7,5,0,6,5,5
13,5,4,0,5,7,2,5,0,3,3
14,8,1,2,3,8,7,0,2,7,0
15,7,2,8,2,3,5,1,5,4,7
16,8,5,3,3,3,7,2,1,3,0
17,0,0,6,6,6,4,6,1,8,4
18,8,1,4,6,4,4,1,3,2,2
19,6,5,5,3,8,0,3,1,3,8
20,3,8,4,6,4,2,6,8,2,7
21,2,6,7,4,6,2,0,0,4,8
22,1,4,6,1,6,2,7,5,4,1
23,4,7,0,6,4,6,5,3,2,5
24,1,5,0,5,5,0,6,3,7,0
25,1,4,1,2,5,1,6,0,1,5
26,7,1,2,8,8,5,4,3,5,5
27,2,0,1,8,3,4,4,7,0,0
28,2,4,6,4,3,8,1,5,4,4
29,7,2,8,2,4,4,7,3,2,0
30,3,7,0,8,4,1,2,4,2,0
31,5,6,1,2,2,5,6,6,8,6
32,2,0,5,8,8,2,2,0,1,4
33,4,3,2,7,4,7,8,2,1,8
34,5,2,5,4,8,2,8,8,1,1
35,4,0,2,3,8,8,1,8,0,6
36,7,8,2,8,1,4,4,2,0,6
37,3,5,3,3,7,0,6,6,3,2
38,0,8,8,2,0,1,0,7,8,1
39,6,1,3,5,6,7,0,1,2,2
40,8,6,2,8,4,4,3,1,8,0
41,1,2,2,1,0,6,8,1,2,4
42,8,6,6,5,3,1,7,7,0,6
43,0,6,7,1,3,1,5,8,0,3
44,8,2,1,4,4,5,2,8,4,2
45,8,8,4,0,5,4,1,5,7,0
46,6,1,6,3,0,8,1,5,1,8
47,6,7,3,4,5,7,7,0,5,0
48,2,7,2,7,4,2,3,4,6,5
49,8,7,6,5,2,3,1,3,8,3
50,1,5,8,7,2,4,4,2,2,2
51,8,6,7,7,8,0,7,0,4,5
52,3,1,1,7,2,2,8,1,8,8
53,5,1,1,2,5,1,4,1,4,0
54,6,0,1,1,7,0,3,5,4,6
55,7,3,7,2,8,4,6,7,7,7
56,4,0,4,1,8,2,2,2,5,5
57,8,3,2,0,0,3,8,4,8,0
58,0,7,0,0,3,8,6,0,7,7
59,7,8,2,8,2,7,5,7,5,5
60,5,7,6,1,7,4,2,4,8,7
61,7,4,7,3,6,5,2,2,0,1
62,3,4,1,3,5,2,3,3,4,3
63,6,2,3,3,1,6,2,2,7,8
64,6,8,7,4,6,2,4,4,8,7
65,4,5,1,7,4,4,6,5,0,2
66,1,6,0,1,5,6,4,7,8,1
67,8,5,5,0,5,6,5,0,4,8
68,6,1,8,8,1,7,3,5,4,7
69,8,7,8,8,0,2,6,5,0,0
70,4,5,1,1,1,5,0,5,4,4
71,6,4,6,6,8,7,4,4,2,5
72,1,8,7,1,7,1,6,0,4,5
73,6,3,8,6,1,6,6,3,6,8
74,7,6,5,2,7,3,4,2,2,1
75,8,1,0,8,4,3,6,3,1,6
76,1,4,8,8,3,7,5,4,1,3
77,5,8,0,6,7,8,3,1,2,7
78,7,5,1,1,4,5,0,6,4,0
79,0,4,6,7,3,2,8,4,2,3
80,0,2,4,8,6,7,4,0,3,8
81,0,7,6,2,7,7,0,0,5,8
82,0,5,1,5,5,0,6,8,7,0
83,2,2,4,1,7,6,7,1,0,8
84,2,5,8,0,0,0,1,0,7,5
85,8,7,8,2,2,7,2,0,6,7
86,8,8,1,6,7,6,7,7,4,0
87,4,1,1,1,6,4,4,6,4,5
88,0,7,4,1,7,6,0,1,0,2
89,0,6,4,8,6,5,4,0,0,5
90,0,0,1,7,4,6,3,1,3,0
91,6,1,3,8,5,4,4,7,2,5
92,7,5,4,1,2,8,4,2,3,5
93,4,6,2,5,3,8,1,1,4,4
94,6,3,8,4,1,1,8,1,8,2
95,0,2,5,3,7,5,3,5,8,3
96,1,3,7,1,8,5,5,2,8,0
97,2,3,4,4,1,2,0,5,3,5
98,5,6,4,5,5,5,5,2,2,7
99,3,4,1,3,4,5,4,3,8,4
100,7,6,5,7,1,8,7,4,6,4
101,2,7,2,2,4,7,3,4,0,1
102,0,0,7,7,7,0,0,2,5,3
103,4,1,6,2,0,6,8,0,3,7
104,6,7,3,3,6,1,2,5,6,1
105,4,3,4,8,0,8,4,6,3,2
106,6,6,1,6,6,3,8,5,3,0
107,6,1,6,4,4,1,6,1,3,7
108,8,8,8,5,1,7,7,8,5,1
109,4,4,7,3,2,0,7,6,0,3
110,4,4,8,1,2,1,2,8,8,0
111,5,2,1,2,1,4,8,5,6,4
112,0,0,2,2,7,7,7,5,5,5
113,3,6,7,6,5,0,6,3,6,4
114,7,3,8,7,2,4,4,6,6,7
115,3,4,3,8,2,5,1,7,3,3
116,5,4,7,4,4,0,0,3,8,8
117,5,5,3,1,0,3,2,1,2,0
118,5,8,6,4,3,2,1,5,5,0
119,3,2,1,6,4,5,6,8,7,5
120,7,4,8,6,5,8,4,6,2,8
121,5,7,4,7,0,1,4,6,7,3
122,5,4,8,5,3,8,0,8,1,2
123,7,6,8,6,5,3,0,1,2,0
124,4,6,8,4,7,8,7,4,2,8
125,2,3,0,7,5,0,1,4,4,7
126,2,8,4,7,2,0,0,3,8,0
127,3,0,8,6,6,6,5,6,0,7
128,6,6,3,7,3,0,8,2,0,5
129,2,7,3,0,8,4,2,6,4,0
130,6,3,6,8,5,6,2,2,3,7
131,4,3,7,7,8,2,6,5,4,3
132,1,2,4,7,7,1,6,0,6,3
133,4,6,3,7,4,8,5,2,6,3
134,4,1,1,5,1,8,7,6,6,5
135,0,3,4,8,1,4,3,1,0,3
136,0,0,3,1,4,0,2,4,8,5
137,7,3,4,3,7,8,8,6,4,4
138,8,2,3,8,3,2,5,2,8,8
139,2,4,8,6,1,5,5,5,0,2
140,7,2,2,2,1,1,3,7,0,2
141,0,5,2,7,5,7,5,3,7,4
142,8,8,5,6,2,7,6,8,2,7
143,4,1,1,5,2,0,3,5,2,8
144,7,4,8,3,1,0,8,8,6,0
145,2,0,0,2,5,0,8,4,2,4
146,7,2,0,0,7,1,5,3,6,0
147,8,6,4,1,8,2,4,3,2,3
148,1,0,2,1,3,7,1,0,0,4
149,2,4,0,2,3,3,4,7,4,7
150,4,2,2,2,5,2,8,4,7,6
151,3,2,6,2,2,8,4,0,4,4
152,7,6,1,1,5,0,2,1,0,8
153,0,0,8,1,7,0,1,0,6,5
154,4,2,0,5,2,5,6,7,4,0
155,2,7,4,5,4,1,8,6,8,7
156,2,2,2,8,5,4,8,5,8,8
157,0,3,6,7,1,2,4,7,1,5
158,2,1,4,3,5,2,7,0,7,0
159,6,3,3,0,6,1,5,6,7,6
160,2,6,7,2,1,8,1,5,2,1
161,6,1,6,6,0,1,7,4,1,8
162,2,0,8,0,4,8,5,5,3,1
163,5,8,0,7,3,4,1,5,1,2
164,6,0,4,5,1,2,3,5,8,7
165,1,0,0,5,1,2,7,7,7,2
166,5,5,1,4,4,3,6,6,4,6
167,6,5,2,6,6,8,1,3,8,4
168,8,0,0,7,3,4,3,3,8,0
169,6,8,5,3,1,6,4,1,3,8
170,2,1,6,1,8,7,8,8,2,1
171,3,4,7,6,5,7,5,3,3,4
172,0,6,5,6,4,7,8,5,3,0
173,7,8,6,7,7,7,4,0,0,1
174,3,6,4,0,1,8,8,3,7,6
175,8,7,5,3,5,2,3,5,5,5
176,3,3,0,5,5,8,4,4,0,1
177,3,3,3,3,6,1,2,1,2,6
178,0,3,0,8,6,2,1,0,4,6
179,5,7,3,2,4,1,8,1,4,4
180,0,4,4,2,1,0,0,4,0,8
181,2,5,6,4,7,0,2,2,1,2
182,2,6,2,7,6,8,0,8,5,8
183,3,8,5,0,3,1,8,2,2,4
184,3,0,7,7,6,5,3,4,4,1
185,0,2,4,1,0,7,3,5,4,6
186,6,2,7,3,7,3,0,6,0,6
187,0,1,5,8,3,1,2,8,6,0
188,3,2,1,7,5,1,5,3,0,4
189,1,2,7,6,1,7,5,7,6,3
190,4,4,6,2,2,2,2,1,0,8
191,0,7,0,6,2,4,2,4,4,4
192,3,4,7,3,3,1,3,1,1,8
193,0,4,7,8,1,1,3,4,8,1
194,1,2,7,0,3,1,1,8,0,2
195,8,5,0,4,8,3,4,4,5,1
196,7,8,1,7,7,6,3,4,7,1
197,7,8,6,3,5,0,8,3,0,7
198,5,5,0,6,5,7,7,1,1,8
199,4,3,2,5,6,0,4,8,2,2
200,7,0,3,4,7,1,3,1,7,5
201,4,3,1,8,5,2,3,6,6,4
202,2,5,5,5,0,4,5,8,4,3
203,5,1,0,6,8,7,5,0,8,4
204,2,8,6,6,2,8,4,4,6,5
205,1,2,3,8,6,3,6,6,3,3
206,8,5,1,6,5,4,6,8,2,3
207,1,5,3,3,6,3,4,3,2,1
208,7,0,2,6,1,5,6,5,2,0
209,7,2,7,1,1,7,8,7,6,2
210,8,6,1,1,7,2,6,1,2,2
211,2,6,8,8,6,1,8,4,4,6
212,6,8,5,5,6,2,2,5,0,2
213,6,8,4,3,3,6,4,0,4,3
214,6,7,8,5,3,3,1,8,7,7
215,2,2,7,4,6,4,3,5,7,3
216,7,2,3,8,8,8,2,7,8,8
217,0,6,8,6,2,6,0,4,5,4
218,6,2,5,5,5,2,2,2,4,5
219,3,3,2,1,5,7,2,7,5,1
220,3,0,0,3,4,7,1,7,2,1
221,6,6,5,1,1,3,4,8,2,1
222,8,1,0,3,3,5,7,8,2,8
223,5,0,8,1,5,7,2,2,4,7
224,2,5,4,1,6,7,5,1,1,3
225,4,4,2,4,2,6,7,5,0,8
226,0,8,0,4,0,0,6,6,1,8
227,2,2,2,4,1,3,1,0,3,6
228,6,3,2,7,6,7,8,7,8,3
229,3,2,2,6,6,7,1,4,1,8
230,2,1,5,7,8,0,2,1,2,4
231,2,0,4,0,2,0,0,3,7,6
232,0,0,3,5,6,7,3,1,0,1
233,0,7,2,7,4,4,4,7,0,0
234,3,3,4,6,5,2,2,6,1,4
235,4,6,6,4,2,3,3,1,5,1
236,5,6,8,1,6,0,3,1,1,1
237,0,7,0,3,6,8,7,1,8,5
238,1,4,8,3,1,7,8,8,8,7
239,4,1,5,1,4,5,8,2,2,6
240,0,5,6,4,3,7,3,6,4,0
241,4,0,8,5,3,4,5,2,2,3
242,2,6,0,7,3,5,1,3,6,2
243,1,4,1,2,4,5,5,6,7,0
244,3,0,0,1,5,8,6,5,7,1
245,7,8,0,4,7,4,7,8,4,0
246,3,1,4,5,4,1,2,6,0,1
247,8,0,3,1,0,3,4,1,0,1
248,5,7,1,2,3,3,2,0,4,3
249,3,2,8,5,3,1,7,7,0,8
250,6,0,6,0,0,1,4,5,3,1
251,1,7,8,6,0,7,6,4,1,8
252,3,0,1,3,0,2,4,8,0,5
253,8,7,8,1,7,8,2,4,4,4
254,2,8,8,3,7,3,7,5,4,1
255,5,2,1,1,8,0,7,7,0,5
256,5,3,6,3,3,3,7,5,3,8
257,7,8,6,3,6,2,2,4,8,5
258,3,4,2,5,3,4,3,2,8,3
259,0,3,4,0,2,1,4,6,8,3
260,7,1,7,5,6,6,4,2,4,7
261,8,8,1,5,0,6,8,0,5,8
262,7,3,0,8,8,5,8,0,5,0
263,8,6,8,5,0,0,3,6,1,7
264,2,4,1,4,4,0,5,7,8,2
265,7,7,8,3,7,5,0,2,6,1
266,3,6,1,4,1,4,2,8,0,8
267,7,7,7,1,8,5,8,7,5,3
268,1,0,3,7,4,4,2,5,5,8
269,6,5,8,3,8,3,1,3,1,1
270,7,7,1,7,0,2,6,2,6,7
271,0,0,8,4,4,4,3,6,5,1
272,5,6,1,3,7,5,1,0,5,4
273,8,4,8,1,4,1,5,1,4,3
274,1,0,4,8,1,3,2,7,3,8
275,2,0,5,5,8,7,7,5,3,3
276,1,3,3,0,1,4,3,8,4,8
277,5,0,1,6,4,2,4,8,3,0
278,2,8,6,7,8,1,2,0,0,7
279,8,1,6,4,0,8,7,5,6,3
280,7,4,8,0,1,8,2,2,7,1
281,4,2,1,8,1,0,6,7,1,6
282,4,7,1,8,5,7,3,8,5,1
283,8,7,2,4,3,4,8,8,1,8
284,3,6,6,4,4,4,7,3,2,3
285,1,3,1,0,6,0,5,7,6,4
286,1,8,7,5,0,0,2,1,7,1
287,2,8,7,1,3,4,5,8,7,8
288,0,2,5,0,3,1,8,0,1,1
289,1,5,3,8,2,4,5,5,7,1
290,4,7,7,5,5,7,5,8,1,3
291,1,0,4,2,3,3,5,8,7,3
292,2,6,1,4,3,1,5,2,1,5
293,1,6,1,3,7,2,6,6,8,1
294,6,8,6,1,7,0,5,4,4,4
295,0,4,8,3,2,8,0,4,4,4
296,8,3,8,0,6,5,2,2,6,5
297,5,0,5,8,0,4,4,8,2,4
298,6,0,7,7,6,5,6,7,8,3
299,4,5,1,7,6,5,2,3,3,5
300,7,6,8,8,6,3,5,3,5,7
301,3,4,0,6,4,4,4,1,5,6
302,3,1,3,1,3,5,1,6,2,8
303,6,2,5,0,0,8,7,1,2,1
304,3,2,2,4,1,7,6,6,1,6
305,7,1,6,3,7,4,7,1,3,2
306,2,2,3,1,6,4,7,6,1,0
307,3,4,2,7,5,6,0,7,1,4
308,3,7,2,2,3,3,1,1,2,4
309,3,3,6,2,8,6,1,2,1,2
310,3,1,0,3,6,2,7,3,8,2
311,4,6,0,8,3,4,5,5,0,7
312,5,8,4,5,3,8,7,8,4,7
313,3,4,6,0,6,0,5,4,4,4
314,4,3,4,5,6,4,5,7,8,0
315,6,2,1,7,0,7,6,8,6,7
316,1,8,1,2,1,3,6,2,7,5
317,5,8,3,3,8,5,5,2,1,1
318,2,1,6,0,5,8,6,3,0,7
319,0,6,6,1,6,1,2,7,8,2
320,8,8,6,1,2,6,8,7,3,2
321,8,2,3,8,5,2,0,3,8,3
322,6,2,6,6,5,6,5,3,6,7
323,7,1,6,0,5,5,3,8,7,0
324,1,1,8,4,6,7,6,0,1,3
325,3,6,1,3,2,1,1,1,5,3
326,3,4,6,7,4,5,6,6,1,8
327,1,3,5,3,2,8,0,2,8,6
328,0,6,8,0,3,4,1,1,1,1
329,3,4,2,2,1,7,1,8,4,7
330,5,2,5,2,1,2,2,1,0,8
331,4,3,8,2,3,7,5,3,2,0
332,0,1,7,5,3,7,1,1,3,8
333,5,7,2,7,0,2,4,0,7,7
334,4,2,0,5,4,6,5,1,1,7
335,1,8,0,6,8,3,0,7,1,4
336,8,6,0,7,1,6,5,2,3,1
337,8,2,2,4,6,4,4,5,7,3
338,7,7,8,8,7,2,6,6,2,6
339,2,4,7,1,3,7,4,8,0,6
340,7,8,1,8,3,3,3,5,5,4
341,0,8,1,0,5,3,5,7,0,2
342,4,7,5,3,5,8,4,7,7,2
343,2,6,1,3,2,5,2,5,8,7
344,8,0,4,1,8,6,2,5,5,4
345,4,0,4,3,7,7,6,0,7,3
346,3,8,7,0,3,6,4,2,4,7
347,2,6,6,7,2,1,4,4,3,7
348,7,2,7,2,3,0,3,8,3,6
349,0,5,3,6,8,4,0,4,1,4
350,0,5,2,1,0,7,7,7,0,3
351,8,5,1,1,2,8,1,8,6,8
352,7,2,7,1,2,1,1,0,1,1
353,3,0,0,8,0,0,0,1,4,7
354,6,5,0,6,0,5,3,7,2,5
355,3,4,8,6,3,4,6,3,1,4
356,0,1,3,7,7,2,3,1,6,2
357,7,7,6,2,8,6,5,7,7,0
358,7,6,1,2,6,1,4,6,5,8
359,1,2,8,5,2,2,3,4,2,5
360,4,5,1,5,8,1,2,6,5,6
361,5,6,5,0,6,4,0,3,3,0
362,8,2,2,3,7,6,6,2,7,7
363,4,4,0,6,8,4,4,4,0,5
364,6,8,8,4,8,4,5,5,8,6
365,1,0,3,4,6,4,4,8,3,4
366,5,4,8,8,4,4,5,1,3,1
367,1,0,5,0,5,3,3,6,4,6
368,6,0,1,5,8,1,0,8,8,1
369,3,5,1,2,3,5,2,3,2,6
370,1,2,2,8,8,4,1,6,4,7
371,3,8,7,2,6,2,3,2,6,2
372,5,5,6,8,0,8,0,4,3,5
373,6,7,3,8,2,1,3,4,6,7
374,2,2,8,3,2,8,4,8,8,8
375,5,7,8,2,0,2,5,4,0,5
376,1,4,5,5,3,3,6,6,7,3
377,3,2,4,1,3,1,4,7,8,4
378,0,2,0,6,8,4,1,0,8,2
379,1,1,2,5,8,2,6,0,0,0
380,8,5,7,0,0,7,0,1,4,5
381,2,4,6,3,3,0,4,7,5,8
382,1,0,4,1,5,8,3,4,6,1
383,8,1,7,5,1,6,1,5,8,8
384,7,4,5,2,8,4,6,3,6,2
385,6,0,0,3,4,6,3,0,2,3
386,4,5,2,5,5,6,4,7,1,6
387,0,0,7,4,5,5,6,2,1,0
388,7,2,5,4,1,3,0,1,1,7
389,5,8,3,1,5,8,4,0,2,8
390,4,8,4,0,7,6,6,8,1,8
391,2,8,1,4,7,0,0,7,0,5
392,8,5,4,3,5,5,4,1,5,6
393,6,0,6,6,1,7,4,4,6,4
394,4,2,8,8,1,6,0,3,8,1
395,3,1,6,4,5,8,4,6,0,1
396,8,7,5,3,1,7,7,2,5,5
397,4,8,1,2,0,6,5,8,4,1
398,4,0,6,6,7,3,2,0,3,4
399,6,6,1,2,4,3,0,7,6,4
400,2,7,0,4,7,8,2,5,1,1
401,3,7,6,4,2,1,2,1,1,6
402,1,0,4,2,4,1,1,3,6,3
403,4,4,2,2,3,0,6,5,2,3
404,2,5,6,0,3,0,4,2,3,4
405,2,3,6,7,0,3,7,4,1,5
406,1,0,5,4,6,3,7,3,6,0
407,0,7,7,8,2,0,8,5,2,6
408,8,2,6,7,4,5,2,8,8,8
409,6,0,3,4,8,4,4,1,7,3
410,0,8,1,0,0,4,0,7,4,2
411,0,4,1,8,2,4,0,1,1,0
412,6,8,8,2,7,4,0,0,4,3
413,0,8,6,4,8,8,8,2,7,4
414,6,7,1,4,1,2,3,7,7,3
415,2,4,8,8,2,1,6,2,1,0
416,3,3,5,1,6,6,4,1,4,6
417,3,2,4,3,3,3,2,6,4,4
418,5,3,0,7,0,5,2,1,0,8
419,3,3,6,0,5,4,4,1,8,2
420,6,6,3,1,2,7,8,8,2,5
421,1,6,3,6,6,8,4,3,4,1
422,1,4,7,4,7,1,4,5,3,0
423,0,8,5,2,2,0,8,0,6,2
424,3,2,7,0,3,2,2,1,8,3
425,3,3,8,3,3,2,2,0,5,0
426,2,1,2,6,5,8,3,8,0,4
427,7,4,8,2,0,6,0,6,6,7
428,4,8,1,3,1,6,6,7,6,2
429,0,8,4,0,8,8,4,6,0,0
430,2,5,1,0,6,6,6,7,7,5
431,4,7,3,0,6,2,8,3,7,0
432,5,4,4,2,8,3,7,3,0,7
433,1,2,7,8,8,3,6,2,6,4
434,0,3,4,2,3,4,0,1,6,3
435,5,5,4,3,4,7,8,2,6,8
436,0,7,4,8,5,7,1,1,8,4
437,5,1,2,7,2,5,2,2,1,8
438,8,1,3,5,3,6,2,0,3,5
439,1,7,0,0,4,4,2,2,0,5
440,3,1,3,8,2,8,2,1,2,2
441,1,5,3,6,4,3,4,1,6,0
442,6,8,6,4,2,7,2,4,6,8
443,8,0,8,1,5,8,5,8,3,2
444,2,3,6,4,6,3,2,1,4,8
445,7,2,4,6,5,0,5,0,1,5
446,0,3,5,5,4,0,7,8,7,6
447,3,7,4,1,7,2,8,3,7,4
448,4,2,7,0,4,3,4,2,5,3
449,1,1,6,2,2,5,2,3,2,3
450,6,4,8,6,0,3,2,5,2,8
451,2,4,1,8,8,7,3,0,6,3
452,8,6,4,8,7,4,0,0,3,5
453,0,1,6,6,0,4,0,6,7,7
454,5,5,8,5,4,6,5,7,4,7
455,0,0,0,5,6,1,1,7,6,5
456,4,3,0,1,8,3,6,6,2,1
457,6,0,4,7,6,6,0,1,2,2
458,1,8,1,6,5,5,1,2,5,2
459,6,0,0,6,5,0,8,0,8,6
460,8,8,2,6,1,4,2,4,7,3
461,0,2,7,4,5,3,2,5,5,8
462,5,8,7,0,3,3,0,1,6,3
463,1,2,2,1,0,6,7,4,5,8
464,7,0,8,0,0,3,6,0,2,2
465,3,8,2,1,1,1,1,5,3,4
466,7,5,1,3,2,7,2,1,6,3
467,0,6,1,7,7,3,5,5,5,0
468,2,1,6,0,4,6,8,2,0,6
469,0,0,8,7,6,7,0,0,2,0
470,7,0,4,7,6,2,4,4,6,3
471,2,7,7,4,0,4,8,8,3,1
472,5,7,8,0,2,4,0,7,1,5
473,8,6,6,2,7,3,0,3,3,4
474,2,4,3,2,6,2,6,2,7,3
475,0,1,7,7,1,5,5,1,4,6
476,8,7,0,2,3,1,5,0,1,0
477,2,6,1,8,2,0,3,6,0,0
478,7,5,3,6,7,3,5,0,2,5
479,1,8,8,2,3,1,4,1,3,4
480,5,5,1,7,6,6,4,8,3,7
481,1,2,4,5,6,2,7,2,4,8
482,4,6,8,8,4,3,1,4,8,4
483,3,0,3,2,8,4,1,0,7,8
484,6,1,0,1,6,6,7,0,1,8
485,8,6,0,0,0,6,7,5,2,6
486,0,7,8,6,7,5,4,2,8,6
487,1,8,0,5,1,5,3,3,6,6
488,3,8,4,1,0,1,6,4,3,4
489,7,5,0,0,4,3,7,5,6,5
490,3,5,5,6,1,5,2,7,7,5
491,8,4,0,5,6,0,0,2,7,4
492,8,7,4,6,2,0,3,5,1,1
493,0,6,8,7,3,5,8,5,2,3
494,6,4,7,7,0,6,3,4,2,3
495,2,0,7,1,3,1,1,3,8,8
496,3,4,8,2,8,0,2,3,0,7
497,7,3,7,6,7,7,5,0,8,5
498,8,8,1,3,1,0,8,8,8,7
499,5,4,8,4,5,1,6,7,6,4
500,1,0,5,6,6,8,4,7,6,2
501,7,0,5,8,5,8,0,4,7,5
502,7,4,6,3,7,1,2,0,6,2
503,2,7,3,1,0,2,8,4,8,1
504,3,1,3,5,7,3,6,5,2,8
505,3,1,8,8,0,8,8,7,2,5
506,4,5,5,5,4,6,4,0,0,8
507,8,5,1,7,1,3,2,0,7,4
508,2,4,0,3,4,3,7,2,1,4
509,7,3,0,8,3,1,5,2,8,2
510,4,4,2,4,0,5,6,8,2,2
511,4,6,8,0,2,2,2,4,7,0
512,7,5,5,6,1,6,2,4,6,5
513,2,3,4,0,6,0,4,5,0,8
514,3,0,5,5,5,6,4,7,3,4
515,1,5,2,6,7,7,8,1,1,8
516,3,0,2,7,3,0,6,1,3,0
517,5,4,7,3,1,1,1,4,0,3
518,7,6,5,8,7,5,7,1,7,2
519,6,8,4,0,3,3,8,8,5,8
520,3,3,7,6,4,4,6,6,4,0
521,0,1,4,5,7,2,7,5,0,3
522,2,7,8,7,4,4,2,6,0,2
523,1,4,2,1,3,7,5,7,8,8
524,3,7,8,8,3,2,5,8,8,5
525,1,3,6,5,3,3,0,2,6,2
526,8,0,5,4,7,7,4,5,6,4
527,1,3,2,4,5,1,2,7,3,1
528,6,6,7,6,8,5,2,7,2,2
529,7,7,3,6,8,7,0,5,1,7
530,0,8,1,3,2,7,3,6,0,4
531,8,8,1,3,3,5,4,0,6,2
532,2,7,6,3,8,3,5,2,1,4
533,5,7,3,8,5,0,6,5,3,4
534,2,5,5,4,2,3,4,4,2,5
535,2,4,1,4,7,7,6,6,0,3
536,5,7,5,7,2,1,0,5,5,2
537,7,6,3,2,6,6,1,2,4,4
538,1,8,3,3,0,7,2,8,4,7
539,1,1,7,7,4,0,8,3,8,7
540,7,6,6,4,0,3,6,7,5,6
541,0,4,4,8,2,2,3,1,5,5
542,7,8,0,2,2,2,7,1,0,7
543,8,2,2,4,4,8,3,0,3,5
544,4,4,8,7,2,3,6,3,3,1
545,2,6,7,7,2,1,1,3,4,8
546,8,0,6,2,1,4,0,3,4,2
547,5,4,7,1,0,4,2,6,0,5
548,8,0,2,7,4,1,1,6,7,3
549,4,7,1,1,6,1,6,4,8,0
550,8,2,0,6,4,7,0,0,5,7
551,3,7,8,7,4,6,4,6,5,4
552,3,5,6,8,5,0,5,2,0,0
553,5,8,4,4,0,6,0,7,7,8
554,2,1,2,7,1,7,1,0,1,6
555,5,3,5,5,4,4,0,2,4,1
556,4,1,7,0,0,5,1,3,2,1
557,6,6,2,6,6,4,5,8,4,3
558,4,7,6,0,4,6,2,8,7,7
559,0,5,4,5,7,3,4,6,6,6
560,3,8,0,4,5,0,4,5,5,1
561,2,2,5,2,5,6,7,1,8,1
562,0,0,1,7,1,6,3,0,3,0
563,4,5,4,2,6,5,2,3,0,8
564,6,2,6,6,5,0,7,8,8,8
565,8,6,0,4,2,1,7,7,4,6
566,1,1,7,4,4,4,1,7,6,6
567,3,5,8,5,4,2,4,3,5,0
568,1,7,3,3,4,3,6,2,6,1
569,3,5,7,2,5,0,0,6,6,3
570,5,3,2,3,2,7,3,2,4,6
571,2,8,4,5,8,3,1,6,0,4
572,8,3,6,4,1,2,4,0,3,3
573,7,1,7,3,5,5,2,8,2,0
574,6,5,8,4,0,0,3,2,8,1
575,7,1,1,2,1,3,2,4,4,0
576,1,1,1,0,2,4,2,2,4,4
577,2,1,3,0,4,8,3,0,6,1
578,1,1,7,8,5,5,5,5,4,8
579,6,0,3,8,3,1,7,5,5,3
580,1,3,3,8,2,1,3,8,4,3
581,6,5,2,8,5,0,3,8,3,5
582,5,6,7,1,4,4,1,6,1,4
583,2,1,7,2,2,7,7,0,2,6
584,7,8,4,0,7,1,1,6,5,0
585,1,5,2,6,3,5,4,3,3,6
586,4,5,5,1,8,5,6,7,8,6
587,7,4,6,2,6,0,8,2,5,0
588,1,8,7,2,1,7,8,1,5,2
589,6,3,1,2,4,7,0,8,5,7
590,8,1,0,6,1,1,4,8,7,4
591,1,3,6,1,4,0,2,2,6,8
592,1,7,5,8,8,0,6,5,1,2
593,8,4,3,2,7,2,1,5,8,1
594,2,4,1,5,2,1,2,8,8,4
595,3,7,1,5,6,6,1,6,5,7
596,1,5,7,2,6,0,6,5,1,0
597,6,2,4,0,8,4,8,1,1,5
598,5,7,8,7,1,2,8,4,7,5
599,0,4,7,5,1,1,7,8,6,0
600,5,7,5,5,4,2,2,6,0,0
601,3,6,5,5,4,0,2,0,6,6
602,2,2,2,8,4,6,4,6,4,2
603,7,6,6,8,2,0,5,2,3,2
604,3,3,3,6,5,4,1,5,1,2
605,3,1,3,2,7,7,0,5,5,3
606,4,7,3,0,3,2,3,2,1,8
607,1,6,6,5,8,0,2,1,5,5
608,8,3,2,8,6,6,4,4,3,6
609,1,8,1,4,2,5,6,8,7,2
610,1,7,4,0,7,5,0,7,5,5
611,7,4,4,5,1,1,7,1,4,2
612,2,5,7,3,1,2,1,7,2,3
613,0,4,8,3,5,1,1,6,0,4
614,2,0,4,8,0,7,4,6,0,7
615,0,8,5,3,0,5,0,5,6,2
616,2,1,2,1,2,5,2,7,7,6
617,4,2,8,1,4,4,6,4,7,8
618,3,7,1,8,1,7,3,8,1,4
619,8,0,2,0,2,3,5,2,1,1
620,8,8,1,1,0,8,6,6,2,5
621,0,6,5,2,6,5,3,1,0,8
622,2,2,6,2,3,6,5,5,0,4
623,4,5,1,1,6,6,7,2,8,2
624,5,1,8,2,7,2,7,4,0,1
625,6,1,2,4,2,1,5,6,6,8
626,1,3,2,8,4,0,6,0,2,6
627,4,6,5,7,5,0,0,6,0,3
628,0,2,5,1,4,8,0,0,2,7
629,3,5,0,6,0,6,1,7,2,1
630,3,0,1,5,2,3,7,1,3,1
631,4,2,0,0,7,0,7,8,4,2
632,6,8,1,8,8,1,0,6,0,5
633,0,6,2,0,0,1,4,0,7,5
634,2,8,5,6,1,6,5,8,4,6
635,3,0,1,7,6,3,6,0,0,4
636,5,8,6,2,7,4,7,1,0,0
637,8,0,8,6,1,7,1,1,5,2
638,2,1,5,0,2,4,4,6,1,5
639,6,3,2,4,5,0,5,1,5,8
640,4,6,2,8,7,8,6,5,4,8
641,7,3,0,0,2,0,1,0,8,0
642,5,3,1,6,8,7,8,5,6,1
643,7,6,2,3,5,0,7,2,0,2
644,7,2,4,7,0,6,2,6,1,1
645,7,7,8,6,4,1,2,5,3,4
646,1,3,2,1,1,4,3,0,4,1
647,0,1,4,8,2,2,2,3,6,2
648,5,8,8,5,6,8,7,2,1,1
649,7,5,2,3,2,7,5,7,2,4
650,1,8,4,4,3,2,8,4,6,0
651,2,7,0,0,7,2,2,5,1,0
652,0,0,1,6,2,0,0,4,7,3
653,0,2,4,1,8,6,3,8,2,1
654,8,8,2,5,1,5,6,6,5,6
655,4,7,1,4,3,4,1,2,8,0
656,5,5,4,0,0,2,0,0,1,1
657,7,5,0,5,1,3,0,0,1,3
658,4,3,5,6,6,5,4,4,2,4
659,0,8,3,6,8,4,7,4,1,0
660,1,8,4,2,4,2,7,8,0,6
661,3,0,8,0,1,0,4,5,2,0
662,1,8,7,8,4,4,7,5,3,2
663,4,0,1,6,7,0,0,0,7,2
664,2,0,8,3,7,6,1,7,4,5
665,1,7,8,3,0,7,7,4,5,2
666,0,8,4,2,6,0,0,2,4,3
667,1,3,3,4,5,7,7,2,8,4
668,1,3,6,7,3,1,1,0,6,4
669,4,6,7,7,1,5,7,6,2,3
670,8,0,4,1,8,0,0,2,1,4
671,2,3,5,5,8,4,5,6,1,6
672,7,2,1,3,2,5,7,5,1,2
673,6,2,5,6,2,5,3,1,3,3
674,0,8,4,0,7,7,0,1,3,4
675,6,3,5,0,5,8,4,4,2,8
676,0,2,1,7,4,8,5,5,4,1
677,5,6,8,4,8,8,4,3,1,2
678,7,1,3,6,2,8,5,0,2,6
679,7,8,7,0,6,0,0,6,4,5
680,7,0,4,7,3,4,4,8,0,7
681,7,7,3,4,3,2,7,4,6,0
682,7,5,8,1,4,4,4,0,4,2
683,5,2,3,5,0,7,6,0,0,7
684,2,7,4,3,2,5,0,3,3,1
685,3,4,6,0,7,7,6,8,3,7
686,6,5,1,5,8,8,4,2,6,0
687,1,5,8,2,3,2,3,0,5,5
688,2,2,6,1,0,0,7,3,0,7
689,1,3,0,6,6,6,2,2,8,7
690,0,6,7,5,5,0,0,0,1,8
691,5,7,2,8,1,8,0,0,0,7
692,2,4,4,7,3,0,3,2,6,6
693,0,7,0,5,3,2,4,2,7,8
694,7,3,4,4,7,4,4,3,3,4
695,6,3,7,7,3,8,1,8,2,5
696,2,3,3,6,0,7,8,5,4,6
697,1,6,1,6,2,6,7,1,5,4
698,2,5,8,0,8,7,4,5,3,1
699,5,7,2,6,6,6,3,3,3,7
700,8,3,8,5,3,0,5,5,8,6
701,0,5,6,4,3,7,5,6,4,2
702,4,8,5,6,1,8,2,8,4,8
703,8,6,8,5,7,1,0,4,7,6
704,4,4,5,7,7,0,5,3,7,4
705,8,3,6,0,8,1,3,7,8,4
706,4,0,8,0,0,4,0,1,5,6
707,2,7,5,2,6,5,7,1,2,2
708,3,7,6,4,4,7,4,2,1,2
709,5,4,3,4,8,8,1,1,2,7
710,4,7,5,4,2,3,1,4,2,2
711,0,7,8,4,4,8,4,5,3,4
712,4,6,5,4,0,8,7,1,2,8
713,2,7,7,7,0,4,5,7,2,2
714,1,6,8,1,2,2,8,4,2,2
715,5,3,1,7,3,2,6,6,1,0
716,0,6,5,7,5,3,5,6,3,8
717,8,7,8,3,1,4,6,7,3,2
718,4,7,0,2,2,7,4,0,2,0
719,4,8,5,7,6,7,2,8,2,3
720,6,2,2,1,0,4,8,1,3,8
721,6,0,4,1,2,2,5,1,2,2
722,3,5,3,2,4,5,0,8,8,5
723,5,6,3,3,3,1,7,2,2,8
724,4,5,2,2,6,4,1,7,3,6
725,3,5,6,7,1,6,8,5,1,1
726,1,0,6,8,4,5,6,3,4,5
727,2,0,5,7,0,1,2,7,4,4
728,5,2,6,0,1,7,5,1,3,0
729,6,6,2,3,2,3,2,2,3,7
730,6,2,8,1,8,2,4,1,6,2
731,7,0,4,1,8,3,6,7,4,0
732,1,1,8,8,4,8,2,6,3,2
733,2,3,3,1,3,1,8,3,0,5
734,7,3,7,5,6,2,0,3,8,7
735,7,7,3,2,8,5,2,2,7,0
736,0,6,0,1,8,3,6,4,0,1
737,6,0,5,3,3,8,5,5,3,3
738,6,0,2,5,5,0,7,4,2,6
739,8,3,2,2,5,0,4,0,0,3
740,6,7,0,2,3,5,8,6,4,0
741,0,1,5,2,2,6,7,3,7,6
742,6,7,1,6,8,8,5,6,7,7
743,8,7,3,6,3,7,7,8,5,4
744,1,5,5,4,6,7,1,3,6,7
745,7,7,7,8,5,2,5,6,0,6
746,4,8,1,8,4,5,5,5,8,1
747,6,8,1,2,4,6,8,7,7,3
748,5,1,4,1,0,7,7,4,0,0
749,1,6,1,2,7,7,6,2,5,1
750,7,0,6,4,6,4,1,6,5,4
751,3,3,4,2,2,2,0,8,2,1
752,1,8,4,2,3,0,2,2,7,0
753,3,7,7,4,2,3,2,5,2,5
754,5,8,3,8,3,6,5,7,4,7
755,3,4,4,6,5,0,7,6,0,8
756,5,0,4,7,2,8,3,2,3,4
757,6,8,1,8,4,1,8,3,5,6
758,0,1,6,2,0,0,7,1,0,5
759,1,5,4,5,4,7,5,3,0,2
760,1,0,2,1,0,2,4,1,2,0
761,0,1,4,5,7,5,5,8,2,7
762,8,5,7,1,7,5,1,0,6,3
763,2,3,8,3,0,2,1,6,7,7
764,5,6,3,5,0,4,5,0,4,6
765,3,4,2,2,1,2,7,8,5,5
766,5,4,3,5,7,3,5,4,2,2
767,0,3,6,6,8,0,6,7,3,2
768,3,6,7,5,4,5,0,5,0,8
769,8,4,3,6,5,6,4,2,0,2
770,4,3,4,2,8,3,7,3,3,5
771,2,1,3,7,1,3,6,6,3,0
772,0,4,7,0,7,6,0,3,1,8
773,4,2,2,5,0,2,1,5,6,4
774,1,3,7,1,1,1,7,1,5,8
775,5,3,1,0,1,8,1,0,7,3
776,3,6,4,8,4,6,7,4,2,8
777,2,0,5,8,0,7,7,8,3,2
778,4,1,7,5,4,4,6,4,7,8
779,8,5,6,2,0,3,7,1,4,1
780,3,1,6,7,6,6,2,4,0,3
781,4,6,0,7,4,7,4,4,6,7
782,1,4,0,4,7,7,2,3,4,3
783,1,2,3,4,8,4,3,5,6,3
784,4,1,7,7,1,3,2,8,0,1
785,2,5,2,4,6,7,0,1,0,8
786,5,4,7,5,2,4,6,0,5,4
787,0,2,4,3,2,5,3,4,7,0
788,3,0,8,1,7,1,2,5,7,1
789,1,7,2,1,6,0,7,7,7,2
790,1,3,3,8,5,8,6,6,1,0
791,0,5,1,8,1,8,6,0,0,3
792,3,2,4,1,1,6,8,2,8,3
793,3,0,3,4,5,1,1,3,0,1
794,5,8,5,1,8,4,6,1,5,0
795,5,1,8,0,5,1,6,4,8,5
796,3,0,5,3,0,5,1,2,0,3
797,1,0,3,1,1,4,0,8,4,8
798,7,8,4,3,6,0,7,2,0,2
799,2,0,6,0,7,4,6,3,1,1
800,5,6,2,3,8,7,3,2,2,4
801,5,1,0,4,7,1,3,1,2,5
802,2,2,8,1,1,8,4,0,3,5
803,2,4,5,2,7,4,8,0,2,6
804,8,1,8,1,3,2,3,8,6,7
805,2,8,3,5,6,5,5,4,5,8
806,3,4,1,3,6,5,1,4,7,1
807,0,3,5,2,7,7,4,3,0,7
808,8,3,4,6,6,1,6,8,6,4
809,4,2,5,2,3,2,3,3,0,6
810,3,8,1,6,1,4,4,4,5,7
811,2,7,1,2,2,8,1,3,3,7
812,4,8,6,6,6,1,4,5,1,1
813,1,7,5,2,6,6,7,8,7,1
814,6,3,3,5,5,3,8,1,0,0
815,7,3,3,5,3,5,0,1,8,4
816,1,3,3,2,2,6,0,2,4,4
817,7,8,2,4,0,5,1,0,6,1
818,4,0,6,6,5,7,3,1,1,1
819,1,2,1,5,1,5,3,6,4,8
820,3,2,5,5,3,5,4,2,2,8
821,6,0,8,6,0,6,5,8,4,4
822,2,2,5,7,8,6,5,4,3,6
823,2,2,7,5,3,7,8,2,4,4
824,6,8,4,7,5,7,3,3,3,8
825,5,1,0,4,7,4,5,7,4,8
826,5,6,7,5,0,3,1,4,1,4
827,3,0,1,4,0,7,6,6,1,7
828,5,3,0,4,7,0,0,3,4,4
829,3,2,0,0,0,6,7,3,0,3
830,8,2,4,4,2,3,4,4,6,5
831,0,0,3,8,0,0,6,4,2,1
832,5,4,5,2,4,7,2,3,1,5
833,0,2,6,0,8,3,3,4,5,4
834,7,8,1,6,2,8,2,2,6,7
835,1,5,3,5,5,8,8,5,6,8
836,1,6,6,1,7,6,3,4,4,8
837,8,7,5,0,8,1,1,0,8,4
838,2,0,3,6,8,4,5,7,8,2
839,8,4,8,1,0,7,6,1,8,0
840,6,1,0,7,7,0,0,5,0,6
841,8,6,2,1,6,0,4,4,6,1
842,6,6,2,3,0,4,2,1,5,5
843,0,1,0,6,3,0,1,8,2,6
844,4,1,2,0,6,3,4,1,7,1
845,5,7,6,5,7,1,8,5,3,2
846,6,8,6,0,4,6,3,6,6,0
847,5,1,4,3,7,7,4,4,5,5
848,5,7,8,7,1,4,4,4,4,6
849,3,2,4,7,2,0,8,1,5,7
850,2,3,2,1,1,1,4,4,0,7
851,6,0,7,0,5,4,4,8,8,2
852,5,8,6,7,3,2,4,7,8,6
853,6,4,2,3,4,7,4,7,0,6
854,4,8,4,4,1,7,6,7,0,1
855,7,0,4,3,8,7,8,2,5,6
856,8,0,8,3,1,5,7,1,0,8
857,8,1,8,8,8,1,5,8,8,5
858,1,0,2,0,1,0,6,5,4,7
859,3,3,1,4,1,5,8,4,2,6
860,7,4,2,6,1,8,2,3,6,0
861,1,1,3,4,1,3,6,8,0,5
862,0,4,7,7,2,2,7,7,2,0
863,4,5,3,8,7,7,0,7,6,3
864,5,7,8,4,0,5,6,0,7,1
865,8,4,2,0,0,6,3,7,2,8
866,8,0,5,8,2,0,7,4,0,7
867,6,0,2,0,8,0,7,4,5,7
868,8,1,0,1,6,5,0,2,4,6
869,3,8,8,6,4,7,6,4,3,7
870,5,1,8,0,6,5,5,0,4,8
871,2,6,7,8,4,2,6,4,5,6
872,6,2,6,4,8,5,8,8,8,6
873,5,1,3,4,7,5,3,1,6,3
874,0,2,7,1,3,4,0,1,8,5
875,1,1,3,6,6,1,6,8,2,0
876,8,4,6,2,2,2,1,4,0,7
877,4,8,4,2,4,1,7,6,1,5
878,4,1,1,6,2,4,2,5,0,3
879,4,3,5,1,3,6,3,1,7,7
880,6,7,7,6,4,0,5,2,6,4
881,8,5,4,8,4,3,3,7,6,1
882,4,3,5,0,6,6,2,1,5,2
883,8,6,8,4,8,0,2,0,6,4
884,2,2,5,1,4,5,2,2,3,5
885,2,3,4,1,5,1,1,2,2,0
886,8,2,7,8,7,7,0,3,6,5
887,0,5,7,7,3,2,2,2,3,2
888,4,0,2,2,1,7,6,8,5,0
889,8,4,6,3,4,4,2,4,6,0
890,1,7,5,8,5,5,8,5,2,4
891,2,3,6,1,6,5,2,0,6,7
892,6,3,5,3,3,2,1,8,5,1
893,7,1,5,1,3,5,8,8,8,2
894,0,8,8,2,0,5,0,0,8,4
895,1,5,3,4,8,2,5,7,3,8
896,4,4,7,5,7,7,6,2,3,7
897,5,2,2,6,1,1,6,2,6,4
898,8,4,7,7,1,8,6,0,0,2
899,0,3,8,4,0,4,1,7,0,6
900,4,0,6,4,6,5,7,4,0,1
901,4,3,7,3,7,1,3,6,1,2
902,6,5,7,4,7,7,8,1,5,1
903,2,2,5,3,7,2,5,6,8,2
904,6,0,4,3,8,6,8,7,3,6
905,0,5,0,6,8,6,7,2,8,4
906,6,6,5,2,5,5,7,4,4,4
907,1,0,0,5,3,7,6,1,0,3
908,8,0,1,0,3,8,6,4,1,3
909,4,2,6,8,1,2,1,6,4,2
910,1,0,4,6,2,0,4,6,3,2
911,1,6,7,6,4,6,3,0,3,6
912,5,8,8,2,0,2,7,7,0,1
913,5,5,8,6,1,0,5,4,8,5
914,4,2,0,7,7,1,6,3,3,7
915,7,1,2,7,8,0,7,4,5,0
916,6,6,5,7,8,7,6,8,6,6
917,4,6,0,4,3,8,0,5,1,7
918,7,2,7,4,8,6,0,1,3,1
919,1,8,7,3,1,1,8,2,0,3
920,4,5,3,8,5,8,3,5,3,6
921,6,2,8,7,8,1,6,0,0,8
922,1,7,3,2,0,6,6,4,7,2
923,4,2,5,1,4,4,5,4,5,4
924,2,1,5,8,6,5,8,8,4,0
925,5,5,2,7,7,2,4,1,1,2
926,3,2,1,4,5,2,4,2,6,5
927,8,0,7,3,0,6,1,1,8,1
928,4,1,1,0,0,4,3,0,3,2
929,5,8,6,8,1,1,6,2,7,4
930,1,7,4,7,4,1,6,1,5,3
931,7,7,3,7,0,0,8,5,4,1
932,2,6,7,8,3,4,1,0,3,5
933,0,3,5,7,8,3,3,7,6,2
934,6,1,4,2,8,0,7,2,0,5
935,6,1,0,1,3,1,6,0,7,7
936,6,8,8,0,3,6,3,6,6,8
937,2,3,0,2,2,4,3,7,6,6
938,0,4,6,2,3,6,7,7,3,3
939,3,6,3,3,1,4,2,4,7,6
940,4,8,8,3,6,3,7,3,2,1
941,7,2,7,0,4,3,3,1,0,3
942,4,7,4,2,2,5,3,8,3,5
943,0,1,7,3,3,5,0,4,3,1
944,3,4,1,4,6,2,8,5,6,0
945,6,3,6,7,2,2,0,5,6,3
946,1,2,3,8,1,3,5,2,7,8
947,3,6,6,6,1,0,3,1,2,5
948,5,1,0,2,4,7,3,2,4,0
949,2,0,4,3,5,5,3,7,8,0
950,8,1,2,4,0,3,1,4,7,8
951,1,4,4,3,5,8,3,0,8,8
952,2,4,7,4,4,8,7,4,1,3
953,6,2,4,5,0,5,6,1,4,6
954,0,5,2,3,5,0,0,4,8,0
955,7,0,4,3,4,0,6,2,6,5
956,4,2,5,8,8,8,1,5,3,8
957,8,7,1,2,6,6,3,1,1,6
958,4,4,7,0,6,2,8,8,4,2
959,2,1,8,1,4,4,6,7,5,6
960,5,3,1,1,3,0,2,4,4,7
961,8,6,0,3,6,5,4,3,3,5
962,1,4,1,6,7,4,3,8,5,3
963,0,0,1,2,6,4,8,4,8,4
964,3,6,4,2,4,5,3,6,8,3
965,2,3,7,1,8,3,7,7,7,8
966,1,5,0,2,0,6,5,6,1,2
967,6,7,7,0,3,0,7,1,7,1
968,0,7,3,3,5,2,6,3,2,3
969,0,2,5,1,1,5,3,1,6,6
970,0,1,3,6,0,7,2,1,7,0
971,1,8,4,4,6,5,5,0,4,2
972,7,4,1,7,2,2,8,6,7,5
973,8,1,5,2,3,2,1,3,8,5
974,3,3,4,2,4,6,2,5,6,4
975,2,4,7,1,5,6,2,3,7,3
976,5,1,8,5,6,5,3,3,6,7
977,1,7,7,0,0,6,7,3,5,8
978,2,2,8,2,4,3,4,2,6,6
979,1,4,0,1,8,4,5,7,6,7
980,6,4,5,2,8,1,7,7,1,6
981,8,5,3,7,4,1,2,6,4,1
982,7,1,1,4,0,3,8,8,7,2
983,0,7,3,6,1,6,5,8,0,3
984,8,3,5,1,6,2,5,7,5,4
985,1,3,7,1,5,4,2,6,3,2
986,4,6,7,5,5,7,2,2,4,5
987,5,1,7,3,7,6,8,5,4,1
988,3,7,3,0,2,5,5,8,8,4
989,4,7,0,5,4,7,7,5,5,6
990,5,2,2,6,5,2,7,8,5,2
991,8,2,3,7,4,2,0,3,6,6
992,2,1,6,1,0,4,5,2,1,2
993,3,0,0,3,0,2,5,0,5,5
994,5,5,7,0,1,2,6,7,8,5
995,3,3,0,4,4,1,6,7,2,8
996,0,8,6,2,5,2,7,1,2,2
997,1,2,5,5,4,1,1,8,2,0
998,4,0,3,7,2,6,4,3,5,5
999,2,2,8,1,8,4,8,3,5,5
