,Column1,DataFile,method,metric,mean,sd,val_1,val_2,val_3,val_4,val_5,val_6,val_7,val_8,val_9,val_10,val_11,val_12,val_13,val_14,val_15,val_16,val_17,val_18,val_19,val_20,val_21,val_22,val_23,val_24,val_25,minTime,maxTime,wX,wY,logWX,logWY,logMeanTime,logMinTime,logMaxTime,|W|,Method
0,0,../DistanceBenchmarking/Generated/100_cells_100000_genes.csv,amap,euclidean,2158144.755,81626.43629,2085170.0,2132396.5,2296943.5,2088194.0,2089817.75,2151317.75,2107645.0,2093500.0,2265589.25,2199061.75,2202692.5,2175813.75,2049968.0,2071306.0,2095814.25,2152290.75,2121052.75,2291401.75,2186449.0,2281373.75,2173572.75,2253811.0,2158747.0,2160292.75,2109011.0,2049968.0,2296943.5,100,100000,2.0,5.0,6.3340805711111825,6.311747081771905,6.361150312591625,10000000,euclidean_amap
1,1,../DistanceBenchmarking/Generated/100_cells_100000_genes.csv,amap,pearson,2671845.59,122236.857,2632822.75,2381265.0,2944571.25,2667705.75,2585502.25,2616387.25,2755418.5,2769664.25,2683874.25,2576012.5,2692064.5,2713668.5,2361366.0,2783225.5,2606188.25,2530605.0,2620080.5,3018894.0,2626513.0,2619396.0,2724467.5,2618951.5,2638953.75,2497487.5,2731348.5,2361366.0,3018894.0,100,100000,2.0,5.0,6.426811355993386,6.3731633057832475,6.479847864257523,10000000,pearson_amap
2,2,../DistanceBenchmarking/Generated/100_cells_100000_genes.csv,amap,kendall,111285610.5,7693236.118,114937027.0,116366564.0,117396398.8,118896993.8,117237515.3,114377837.0,116249566.5,119548845.0,117978632.3,113904651.5,117860792.8,116250582.0,118195209.0,118002614.3,114794980.8,119261495.0,118242176.8,117342674.3,118386097.0,115299746.0,119199231.8,118347536.5,119226567.8,110288719.3,120464586.5,110288719.3,119548845.0,100,100000,2.0,5.0,8.04643901263252,8.042531093616038,8.077545384612817,10000000,kendall_amap
3,3,../DistanceBenchmarking/Generated/100_cells_100000_genes.csv,GPU,euclidean,522544.4775,114171.8589,1341175.75,233431.75,294169.0,563462.5,220744.25,455990.0,148439.5,158593.5,485497.0,492013.0,509371.75,533682.0,616355.25,534112.0,532268.75,532709.75,539808.5,538870.25,532535.0,545167.25,534008.5,529138.25,532448.0,533938.0,531950.0,148439.5,1341175.75,100,100000,2.0,5.0,5.7181232622677225,5.171549482812243,6.127485692284073,10000000,euclidean_GPU
4,4,../DistanceBenchmarking/Generated/100_cells_100000_genes.csv,GPU,pearson,654110.635,174176.3858,2170022.0,359539.0,320449.0,730085.0,343113.0,583431.0,272020.5,276743.25,607502.75,610879.0,635951.5,658620.0,658404.75,671275.75,687616.25,659442.25,659032.5,663056.0,653395.5,658437.0,658822.75,648139.5,659228.25,660057.25,658410.0,272020.5,2170022.0,100,100000,2.0,5.0,5.815651210260643,5.434601634554035,6.336464136811741,10000000,pearson_GPU
5,5,../DistanceBenchmarking/Generated/100_cells_100000_genes.csv,GPU,kendall,265012814.1,553389.4542,264776503.0,263814909.3,264246058.5,264873137.5,264493552.5,264924200.0,264626329.0,264630024.5,264941752.3,265112964.3,265310163.8,264936936.3,264791623.8,265013814.8,265025898.3,264831048.3,264874736.5,264822494.3,264575295.0,265016861.3,264960887.8,264986793.5,264817145.8,264844183.8,264698730.8,263814909.3,265310163.8,100,100000,2.0,5.0,8.423266873779731,8.421299335727973,8.42375388774224,10000000,kendall_GPU
6,6,../DistanceBenchmarking/Generated/100_cells_10000_genes.csv,amap,euclidean,103682.6375,33785.83662,116482.0,434640.5,101287.0,93739.5,99204.0,101177.5,106337.0,99567.0,101173.5,95956.75,105214.5,99471.5,95417.25,105076.5,100246.5,112331.75,119278.5,100437.5,106705.0,95851.25,105299.0,94772.5,107207.0,95637.75,99365.5,93739.5,434640.5,100,10000,2.0,4.0,5.015706036338312,4.971922632693685,5.6381301916279005,1000000,euclidean_amap
7,7,../DistanceBenchmarking/Generated/100_cells_10000_genes.csv,amap,pearson,159727.3075,32065.71629,169894.5,468838.75,143070.75,159257.75,149535.5,151587.75,165735.75,149381.75,147501.25,149483.25,149584.75,150932.5,156661.0,155593.0,153390.5,146648.75,153275.0,158456.5,163537.0,153539.75,157967.5,147884.75,155872.5,151951.0,156453.75,143070.75,468838.75,100,10000,2.0,4.0,5.20337917088324,5.155550853801378,5.671023499374563,1000000,pearson_amap
8,8,../DistanceBenchmarking/Generated/100_cells_10000_genes.csv,amap,kendall,105933041.9,2989420.258,104835881.0,109206356.5,108937337.0,107723562.5,107045278.0,107088911.8,98970050.75,105104246.8,109093520.3,103412119.0,111805881.8,108459145.5,102424219.0,101363374.3,107518377.5,108360488.8,111202040.8,108419236.5,103510345.8,104176050.0,103978634.3,104612273.5,111198617.5,98710145.5,102048627.3,98710145.5,111805881.8,100,10000,2.0,4.0,8.025031443361932,7.994361792064019,8.048464651189864,1000000,kendall_amap
9,9,../DistanceBenchmarking/Generated/100_cells_10000_genes.csv,GPU,euclidean,94901.1975,184306.3244,1550277.0,53439.25,58027.0,53354.5,45899.5,47442.75,49814.0,74639.25,46125.25,46368.0,46288.25,46472.75,46539.0,48205.0,48956.5,46125.75,54295.5,45815.75,46068.5,46032.75,46178.5,35937.5,34529.25,34697.0,34454.75,34529.25,1550277.0,100,10000,2.0,4.0,4.977271692557544,4.538187145265213,6.19040930386282,1000000,euclidean_GPU
10,10,../DistanceBenchmarking/Generated/100_cells_10000_genes.csv,GPU,pearson,114324.7775,168993.2999,1318262.25,173725.5,176462.0,170198.5,161045.5,161795.5,163775.5,116976.25,94262.0,93459.75,79744.0,63660.25,56539.25,45526.75,43563.0,44300.75,42631.75,42299.5,41482.25,42660.25,43589.5,42745.75,41381.75,40911.25,41373.25,40911.25,1318262.25,100,10000,2.0,4.0,5.058140364825374,4.611842749109933,6.120001815719553,1000000,pearson_GPU
11,11,../DistanceBenchmarking/Generated/100_cells_10000_genes.csv,GPU,kendall,2622451.998,437693.384,6742103.75,2477747.5,2513902.75,2493464.0,2482861.25,2555789.75,2485904.25,2505930.75,2488686.0,2495479.25,2489466.25,2494586.0,2513160.25,2496666.0,2498610.75,2498519.75,2518087.25,2497721.75,2500113.75,2500033.0,2507052.75,2504608.0,2506388.75,2507959.5,2506857.5,2477747.5,6742103.75,100,10000,2.0,4.0,6.418707547506391,6.394057046614693,6.8287954313213834,1000000,kendall_GPU
12,12,../DistanceBenchmarking/Generated/1000_cells_10000_genes.csv,amap,euclidean,13424890.56,351369.6534,14127481.5,13785940.0,13671110.25,13303133.0,14019333.5,13562259.75,13614473.25,13384563.0,13481300.25,13424412.5,13981300.0,12682696.0,12904924.25,13940676.0,13050934.5,13243884.5,13798434.25,13069870.25,13102048.25,13004021.25,13710494.0,13570220.0,13305294.25,13206922.75,13820787.75,12682696.0,14127481.5,1000,10000,3.0,4.0,7.1279107540079565,7.1032115826835645,7.150064747259748,10000000,euclidean_amap
13,13,../DistanceBenchmarking/Generated/1000_cells_10000_genes.csv,amap,pearson,19115274.63,552705.1596,19162312.25,19363087.0,19277645.25,18785824.75,19244846.0,18593353.0,19631890.5,19089051.0,18283557.0,18891277.0,18312410.5,18867795.25,18141742.5,19111066.75,18335095.25,19039750.75,18153983.0,18751967.0,19086408.25,18999022.0,19267881.25,18797380.0,18502819.25,17962089.25,19646181.75,17962089.25,19631890.5,1000,10000,3.0,4.0,7.281380541927988,7.254356849980247,7.292962123042954,10000000,pearson_amap
14,14,../DistanceBenchmarking/Generated/1000_cells_10000_genes.csv,amap,kendall,11214884929.0,3502787452.0,9068619091.0,8996435960.0,8854480587.0,9133801398.0,9643267307.0,9386536018.0,8905536132.0,8823498616.0,8836127357.0,8679569743.0,8618073382.0,8610244140.0,8623752830.0,8635554825.0,8588333301.0,8664804110.0,8621088554.0,8648235528.0,8654081947.0,8655998395.0,8584481052.0,8663891686.0,8624349310.0,8650060755.0,8639403038.0,8584481052.0,9643267307.0,1000,10000,3.0,4.0,10.049794821837247,9.93371404637348,9.98422420537453,10000000,kendall_amap
15,15,../DistanceBenchmarking/Generated/1000_cells_10000_genes.csv,GPU,euclidean,1415884.278,316385.3023,4434915.0,1543600.25,1233305.75,1310206.75,1249693.25,1357267.25,1430831.25,1387252.5,1321998.75,1474599.0,1479383.25,1413857.25,1452129.0,1418122.0,1322523.75,1236857.75,1261040.0,1366417.5,1439931.0,1470347.0,1407364.25,1329079.0,1456891.5,1373682.25,1296883.25,1233305.75,4434915.0,1000,10000,3.0,4.0,6.151027759370854,6.091070756301318,6.646885300518429,10000000,euclidean_GPU
16,16,../DistanceBenchmarking/Generated/1000_cells_10000_genes.csv,GPU,pearson,2544064.098,283764.2032,5233192.25,2542057.5,2564769.5,2531500.25,2681792.5,2537547.25,2392413.0,2502976.75,2609264.0,2500979.75,2576777.25,2463573.5,2576918.0,2548765.0,2637693.5,2432021.75,2393108.5,2666400.75,2586555.5,2399199.75,2532958.25,2631630.5,2605666.25,2398738.0,2591688.25,2392413.0,5233192.25,1000,10000,3.0,4.0,6.405528049215769,6.378836153635123,6.718766689561087,10000000,pearson_GPU
17,17,../DistanceBenchmarking/Generated/1000_cells_10000_genes.csv,GPU,kendall,298038064.1,618842.1402,300830205.3,297512028.0,297385823.8,298163032.0,298280879.3,297856183.8,297944821.8,298310133.8,298785229.8,298962326.3,297517770.0,298563358.3,298663633.0,297455674.3,297741659.8,297900709.3,297645762.8,297865199.3,298756328.0,297952969.0,296887650.0,298237020.3,298239604.3,297914145.3,297315809.8,296887650.0,300830205.3,1000,10000,3.0,4.0,8.474271733784002,8.472592132091139,8.478321440086248,10000000,kendall_GPU
18,18,../DistanceBenchmarking/Generated/10_cells_10000_genes.csv,amap,euclidean,24383.32,31220.05481,18588.0,25066.5,15895.25,18986.5,327223.0,17807.5,27949.75,19430.75,19694.75,20027.75,20360.25,24370.25,26488.0,17457.0,25588.0,17239.75,25311.0,30208.25,30220.5,31520.0,28012.5,4041.5,4700.75,5314.5,3931.75,4041.5,327223.0,10,10000,1.0,4.0,4.387092838259999,3.6065425831345697,5.514843821961473,100000,euclidean_amap
19,19,../DistanceBenchmarking/Generated/10_cells_10000_genes.csv,amap,pearson,18098.385,43532.69059,19613.5,23604.5,18972.0,16040.75,445947.25,10449.75,10171.75,10758.0,9092.75,10976.75,11381.75,8415.75,9887.5,9306.0,11893.0,20117.0,19957.5,16937.0,14701.75,31831.0,12888.5,13642.5,17320.5,14591.0,10532.0,8415.75,445947.25,10,10000,1.0,4.0,4.257639822555304,3.925092825760102,5.649283490127403,100000,pearson_amap
20,20,../DistanceBenchmarking/Generated/10_cells_10000_genes.csv,amap,kendall,3912952.573,306700.0849,4312509.5,3996775.5,3469069.0,3592512.0,4701247.0,3701721.0,3757884.75,3911775.75,3861652.25,4266158.5,3846364.0,3719601.0,3892769.0,4121432.75,4337326.5,3581467.5,3693924.0,3932795.0,3994691.25,3448049.75,4129588.0,4029114.25,3700607.75,4554892.75,4203924.0,3448049.75,4701247.0,10,10000,1.0,4.0,6.592504584059838,6.537573523392409,6.67221306929483,100000,kendall_amap
21,21,../DistanceBenchmarking/Generated/10_cells_10000_genes.csv,GPU,euclidean,19511.86,111594.4499,1064400.75,361627.5,4159.25,3731.0,3587.25,3716.25,3725.0,3723.25,3762.25,3705.25,3710.75,3646.25,3714.25,3591.75,64690.5,3651.75,7182.75,7054.75,6970.25,10965.5,9709.5,3829.25,3719.5,3733.75,3681.25,3587.25,1064400.75,10,10000,1.0,4.0,4.290298671200427,3.5547616442636643,6.0271051718928295,100000,euclidean_GPU
22,22,../DistanceBenchmarking/Generated/10_cells_10000_genes.csv,GPU,pearson,20858.665,103077.635,927688.75,479022.5,6303.75,5836.75,6012.75,5929.75,5959.75,6041.5,5942.0,5906.75,5937.75,5863.25,5875.0,5926.5,5910.25,5879.75,8138.0,9063.25,8969.75,8988.25,12113.25,5997.75,5848.25,5986.0,11201.5,5836.75,927688.75,10,10000,1.0,4.0,4.31928650918703,3.766171091983167,5.967402289978365,100000,pearson_GPU
23,23,../DistanceBenchmarking/Generated/10_cells_10000_genes.csv,GPU,kendall,102712.8825,152236.9492,1399874.25,706271.25,339732.75,339471.0,300112.0,191450.5,171670.75,111174.75,92221.25,86913.75,86883.0,80258.25,78465.25,76645.75,75628.5,73679.75,74454.0,76842.75,77099.0,73979.25,100069.0,71000.25,70861.0,70614.5,70644.0,70614.5,1399874.25,10,10000,1.0,4.0,5.011624917285611,4.848893888352112,6.146089024975428,100000,kendall_GPU
24,24,../DistanceBenchmarking/Generated/10000_cells_1000_genes.csv,amap,euclidean,219009207.8,3547464.967,220633407.8,214253737.3,211095261.0,218663228.5,215115258.3,217295727.0,218797713.0,217243416.0,210805574.5,210408324.5,216368196.5,220286223.5,218871117.5,216100497.5,209587942.0,220463651.8,217746116.0,224730139.5,212126919.5,218394521.0,219864227.8,216691367.8,219369864.8,221340952.8,221042441.0,209587942.0,224730139.5,10000,1000,4.0,3.0,8.340462374258687,8.3213662932282,8.351661321376671,10000000,euclidean_amap
25,25,../DistanceBenchmarking/Generated/10000_cells_1000_genes.csv,amap,pearson,284752438.7,15083483.43,283242607.8,286111751.5,278744953.3,282831115.5,283036195.0,281214046.0,288861372.0,283148571.0,285269473.0,290817360.8,295724060.5,281690545.5,286184187.5,281198153.0,287913938.0,289180052.3,289890916.0,290582334.5,287023896.3,280461281.5,290301046.0,286868537.5,282886041.8,288141592.3,288593426.0,278744953.3,295724060.5,10000,1000,4.0,3.0,8.454467452187197,8.445207013190558,8.470886660736074,10000000,pearson_amap
26,26,../DistanceBenchmarking/Generated/10000_cells_1000_genes.csv ,amap, kendall,16199702921.0,2907069390.0,16147308991.0,15876366491.0,15028166663.0,16132894426.0,15542595731.0,16166614653.0,17919236084.0,14959175049.0,16636520840.0,17588558058.0,19750149776.0,19680575538.0,18168814104.0,17056062506.0,18076869723.0,18087254360.0,17697866142.0,17008595820.0,16991288553.0,16691007795.0,16720642028.0,16701795763.0,16490572883.0,16893534882.0,16968438611.0,14959175049.0,19750149776.0,10000,1000,4.0,3.0,10.209507050286248,10.174907644227257,10.295570393463425,10000000, kendall_amap
27,27,../DistanceBenchmarking/Generated/10000_cells_1000_genes.csv,GPU,euclidean,35593827.87,462610.7615,39013915.0,36436992.5,36542216.5,35632061.0,35909069.5,35571802.0,35238925.75,35213641.75,36008002.75,35837723.25,35196515.75,35745552.5,35356105.0,35900959.75,35632213.75,35377994.5,35537367.5,35866990.75,35261083.25,35269961.5,35817511.75,35729588.25,35324392.25,35842689.75,35152783.0,35196515.75,39013915.0,10000,1000,4.0,3.0,7.551374695883143,7.546499672982545,7.5912195334336605,10000000,euclidean_GPU
28,28,../DistanceBenchmarking/Generated/10000_cells_1000_genes.csv,GPU,pearson,43639882.87,673546.6855,46193615.25,43292839.5,43461971.5,42806102.5,43183605.0,42963881.25,42405457.75,42292494.5,43107495.25,42935955.25,42481683.0,42880281.25,42345045.0,42934533.75,43143259.5,42641117.0,42822980.0,43195211.75,42371841.25,42506150.0,42980571.5,43241708.5,42575130.25,42908352.25,42827586.75,42292494.5,46193615.25,10000,1000,4.0,3.0,7.639883576265962,7.626263301501486,7.664581952757143,10000000,pearson_GPU
29,29,../DistanceBenchmarking/Generated/10000_cells_1000_genes.csv,GPU,kendall,1979564835.0,3306498.238,1985784382.0,1978364736.0,1984749229.0,1980042135.0,1980106239.0,1977884280.0,1977026478.0,1975752821.0,1981865415.0,1979444445.0,1976855324.0,1975832739.0,1978448729.0,1981072556.0,1977591968.0,1984699617.0,1978464512.0,1982000114.0,1980147280.0,1973765763.0,1978491615.0,1979639920.0,1979283290.0,1977641685.0,1977930539.0,1973765763.0,1985784382.0,10000,1000,4.0,3.0,9.296569730398211,9.295295611417405,9.297932090689443,10000000,kendall_GPU
30,30,../DistanceBenchmarking/Generated/10000_cells_10_genes.csv,amap,euclidean,9366082.14,786229.4647,10993771.0,9116376.5,9351646.75,8880616.5,8734972.75,8793503.25,8870187.0,8645999.0,8873824.25,8773249.5,8904900.75,8724504.75,8810467.75,8856246.75,8801768.5,8893597.75,8697676.75,8712101.5,8944185.75,8842973.5,8683415.0,8678499.75,8783443.25,8818316.5,8827886.5,8645999.0,10993771.0,10000,10,4.0,1.0,6.971557962200312,6.936815180966947,7.041146686379743,100000,euclidean_amap
31,31,../DistanceBenchmarking/Generated/10000_cells_10_genes.csv,amap,pearson,9478214.92,430587.3022,12721967.75,9868340.25,9982303.0,10533727.25,9621767.25,9800207.75,9850518.0,9108989.25,9301565.5,9503665.25,9375941.75,9398233.5,9221421.5,9396438.5,9335248.75,9593048.0,9116383.25,9089860.5,9221383.5,9407458.5,9371348.0,9105834.25,9442013.0,9441469.25,9496902.5,9089860.5,12721967.75,10000,10,4.0,1.0,6.9767265521700725,6.958557218255509,7.104554290311824,100000,pearson_amap
32,32,../DistanceBenchmarking/Generated/10000_cells_10_genes.csv,amap,kendall,12582397.14,595677.2193,14097149.75,12447043.0,12986056.0,12400412.0,12275719.5,12364628.5,12252605.25,12337974.25,13110276.0,12826814.25,12061842.25,12421007.75,12417671.75,12070594.0,11952943.25,12093022.75,12467358.25,12159268.0,12072257.5,12694557.0,12580643.25,12237651.25,12285541.25,12169111.0,12551355.75,11952943.25,14097149.75,10000,10,4.0,1.0,7.09976338876415,7.07747485757258,7.149131313153498,100000,kendall_amap
33,33,../DistanceBenchmarking/Generated/10000_cells_10_genes.csv,GPU,euclidean,18673748.18,551677.0081,21818537.75,18941382.25,18726146.0,18460392.5,19012152.25,18998207.0,18545726.25,18188223.5,18455478.75,18136275.0,18983114.0,18297278.25,18287852.5,18533086.0,18270759.25,18078853.75,18620841.75,18003809.5,18360795.75,18809429.0,18641155.25,18307714.25,18172919.0,18703438.5,18612507.5,18003809.5,21818537.75,10000,10,4.0,1.0,7.271231497944445,7.255364408980032,7.338825641376718,100000,euclidean_GPU
34,34,../DistanceBenchmarking/Generated/10000_cells_10_genes.csv,GPU,pearson,22034429.36,607067.917,26092266.0,22782297.0,23806581.25,22168214.0,22591720.75,22552350.0,21899813.25,21461524.0,21805539.75,21603940.0,22370712.5,21504092.75,21429204.75,22069302.5,21649902.75,21595170.25,21979410.0,21305874.0,21465837.75,21905533.0,22888032.0,22141471.5,21595202.25,21861742.75,21597479.5,21305874.0,26092266.0,10000,10,4.0,1.0,7.343101807783892,7.328499354335192,7.416511797327965,100000,pearson_GPU
35,35,../DistanceBenchmarking/Generated/10000_cells_10_genes.csv,GPU,kendall,18988524.47,460433.6429,22673478.25,19390462.75,19388258.75,18989019.0,19705995.0,19490792.75,19013348.0,18771209.25,19169636.25,18785574.5,19198722.5,18801263.25,18774394.25,19227428.75,18836926.0,18645741.5,19220321.75,18635493.75,18863648.0,19244791.75,19146554.5,18733268.25,18784485.25,19152702.5,18785310.0,18635493.75,22673478.25,10000,10,4.0,1.0,7.278491218584625,7.270340903935026,7.355518148662437,100000,kendall_GPU
36,36,../DistanceBenchmarking/Generated/100_cells_1000_genes.csv,amap,euclidean,21492.88,53548.61274,13733.5,16094.5,14293.75,15123.5,14527.0,452195.75,17919.25,11975.0,19515.25,12202.5,13925.0,14609.5,11782.0,19080.75,14408.75,17135.5,19055.5,12128.5,18892.25,11466.25,18441.0,12164.75,12789.75,12028.5,13853.75,11466.25,452195.75,100,1000,2.0,3.0,4.332294613923459,4.0594214065156535,5.655326476275104,100000,euclidean_amap
37,37,../DistanceBenchmarking/Generated/100_cells_1000_genes.csv,amap,pearson,31536.1925,79151.95625,20250.25,22130.5,22428.0,20514.25,23231.0,747006.75,20701.5,20045.0,16578.0,26090.25,16848.0,17776.5,21973.0,20998.0,18446.0,20143.25,28650.5,19816.75,19937.5,20749.5,18951.25,19429.75,22552.25,26159.75,20313.25,16578.0,747006.75,100,1000,2.0,3.0,4.4988092579194054,4.219532135300155,5.873324526145397,100000,pearson_amap
38,38,../DistanceBenchmarking/Generated/100_cells_1000_genes.csv,amap,kendall,1241822.23,93112.15153,1317289.5,1355011.5,1183098.25,1221642.25,1232949.75,1676496.0,1427503.0,1286904.5,1222581.0,1197349.25,1305178.5,1268195.0,1229873.5,1395198.25,1213389.75,1227374.25,1372461.0,1234237.75,1342730.75,1228339.75,1233140.0,1237201.75,1145452.0,1248579.0,1224710.75,1145452.0,1676496.0,100,1000,2.0,3.0,6.0940594299341235,6.058976894859417,6.224402521570386,100000,kendall_amap
39,39,../DistanceBenchmarking/Generated/100_cells_1000_genes.csv,GPU,euclidean,32284.0075,115928.0903,949459.5,28113.25,472726.5,28786.75,27064.75,28585.25,27807.5,27523.0,27513.25,29714.5,24860.75,24759.0,24788.0,25342.75,26075.0,29691.5,24753.0,24785.0,24784.25,24798.25,27449.5,29646.0,24846.5,24786.75,24800.25,24753.0,949459.5,100,1000,2.0,3.0,4.508987439529256,4.393627841834818,5.977476444268774,100000,euclidean_GPU
40,40,../DistanceBenchmarking/Generated/100_cells_1000_genes.csv,GPU,pearson,37565.64,109572.8576,908289.5,67704.25,485723.0,63709.5,64167.0,63497.5,63723.25,63647.75,63669.25,65106.25,61064.0,61048.25,61094.75,61077.75,62496.25,42127.0,31893.25,34722.25,31897.5,31948.25,30376.25,20314.5,19370.25,14867.0,14841.0,14867.0,908289.5,100,1000,2.0,3.0,4.5747907922467395,4.172223341427753,5.958224293690289,100000,pearson_GPU
41,41,../DistanceBenchmarking/Generated/100_cells_1000_genes.csv,GPU,kendall,67959.2625,143052.9364,1256697.5,337438.5,519224.75,108957.5,166447.75,167847.75,167699.75,167621.5,164532.75,79260.0,69524.0,56667.25,55251.0,52733.75,47925.25,46803.25,47435.25,46396.5,45329.0,43673.0,41811.0,40109.75,35045.25,37604.25,38300.25,35045.25,1256697.5,100,1000,2.0,3.0,4.832248657219988,4.544629162428658,6.099230751121874,100000,kendall_GPU
42,42,../DistanceBenchmarking/Generated/1000_cells_1000_genes.csv,amap,euclidean,1131343.93,151110.9911,1594220.75,1178229.25,1395109.25,1071650.5,1036537.0,1647507.0,1302740.0,1245126.0,1511160.25,1109207.75,1232952.75,1071243.25,1181931.75,1070383.25,1212292.5,1249955.0,1244093.75,1092134.0,1221525.25,1217445.0,1187034.75,1163571.5,1072130.75,1051248.75,1046870.75,1036537.0,1647507.0,1000,1000,3.0,3.0,6.053594651074877,6.015584809188231,6.21682726851941,1000000,euclidean_amap
43,43,../DistanceBenchmarking/Generated/1000_cells_1000_genes.csv,amap,pearson,1636700.378,150788.1054,1957950.25,1526398.75,1874671.0,1734994.25,1539747.25,1931239.25,1549061.25,1521543.5,1945593.5,1540379.0,1538813.0,1512645.25,1559354.0,1524168.75,1575358.5,1554970.75,1522347.75,1540217.5,1530310.0,1549548.25,1553209.75,1528397.5,1500462.25,1515008.0,1509651.0,1500462.25,1957950.25,1000,1000,3.0,3.0,6.213969182716095,6.176225073521001,6.2918016525207605,1000000,pearson_amap
44,44,../DistanceBenchmarking/Generated/1000_cells_1000_genes.csv,amap,kendall,119095853.4,10586667.98,105466509.0,109740210.8,112310816.5,110783410.8,102040475.3,103648182.8,102694335.0,107564980.5,106669027.5,112285283.5,112012502.3,111372639.0,103926246.0,112086955.0,104358985.3,102344298.5,107108427.3,112420148.8,110110686.8,108531011.0,108902911.8,109685064.3,110706701.8,112895194.5,110827448.5,102040475.3,112895194.5,1000,1000,3.0,3.0,8.075896640770363,8.008772472866864,8.05267545612736,1000000,kendall_amap
45,45,../DistanceBenchmarking/Generated/1000_cells_1000_genes.csv,GPU,euclidean,323340.6375,278310.1863,2827249.75,674093.5,269887.0,266846.25,557566.5,254429.25,275710.75,268833.0,571474.0,264403.0,251219.5,254280.0,556121.0,241578.75,244653.25,553033.0,241501.0,247074.75,254033.5,245133.0,249273.5,247647.5,254464.0,653844.0,241577.25,241501.0,2827249.75,1000,1000,3.0,3.0,5.509660290237662,5.3829189334046434,6.451364174338827,1000000,euclidean_GPU
46,46,../DistanceBenchmarking/Generated/1000_cells_1000_genes.csv,GPU,pearson,558554.425,298617.3856,3267083.25,844584.75,524205.0,474862.75,868162.0,466634.75,489561.75,509305.0,822660.0,492641.0,512456.5,511528.5,791704.25,475825.5,481032.0,783963.25,473495.25,483824.0,483122.5,478528.75,476661.5,488391.5,498138.0,892577.5,470095.0,466634.75,3267083.25,1000,1000,3.0,3.0,5.747065496745419,5.668977077302347,6.514160201067104,1000000,pearson_GPU
47,47,../DistanceBenchmarking/Generated/1000_cells_1000_genes.csv,GPU,kendall,2883443.608,451703.1707,7154510.0,3225383.25,2769869.75,2770191.0,3196182.75,2772258.0,2753448.5,2783051.0,3230804.75,2796792.0,2761361.0,2785380.75,3153824.0,2787809.75,2765787.75,3089254.0,2765443.25,2787077.75,2779407.75,2795224.75,2778466.0,2768941.5,2777772.75,3213802.0,2757235.25,2753448.5,7154510.0,1000,1000,3.0,3.0,6.4599114622584795,6.4398769579282575,6.854579895037338,1000000,kendall_GPU
48,48,../../DistanceBenchmarking/Generated/10000_cells_100_genes.csv,amap,kendall,94840677.56,5950746.065,80394204.5,88978273.25,91356493.75,90803568.5,94970907.5,93020891.0,109727381.5,87509207.0,100236636.8,90579963.75,97411490.5,96117005.5,92397161.0,97252883.0,91919928.5,101623473.8,93814815.0,100193639.0,94004999.25,99880316.75,91759403.5,98887451.25,93896946.0,103647702.8,90632195.75,80394204.5,109727381.5,10000,100,4.0,2.0,7.9769946480003515,7.905224742226195,8.040315015455354,1000000,kendall_amap
49,49,../../DistanceBenchmarking/Generated/10000_cells_100_genes.csv,amap,euclidean,8597336.69,119136.8822,9124046.25,8737214.0,8620971.75,8558670.0,8574179.0,8606435.0,8515821.25,8564418.75,8615564.75,8522740.25,8556457.5,8582317.0,8592835.0,8540480.0,8575548.75,8593358.75,8511180.25,8568071.0,8610461.75,8528874.5,8548735.75,8587726.0,8599444.75,8522137.5,8575727.75,8511180.25,9124046.25,10000,100,4.0,2.0,6.934363934967392,6.92998978811291,6.960187478058894,1000000,euclidean_amap
50,50,../../DistanceBenchmarking/Generated/10000_cells_100_genes.csv,amap,pearson,10855267.14,110105.0874,11352438.0,10969022.75,10918857.25,10865505.75,10848931.75,10849436.0,10817017.75,10817245.5,10829917.0,10822042.0,10825298.75,10801377.75,10818258.5,10824673.75,10816709.75,10815925.5,10823816.75,10821335.25,10825511.25,10814790.0,10805436.25,10818329.0,10861555.0,10807390.25,10810857.0,10801377.75,11352438.0,10000,100,4.0,2.0,7.035640515584113,7.033479154659186,7.055089138731436,1000000,pearson_amap
51,51,../../DistanceBenchmarking/Generated/10000_cells_100_genes.csv,GPU,euclidean,12012731.62,904597.4077,16353211.0,11877048.75,11846318.25,11806354.5,11858314.5,11848770.25,11814991.25,11840832.0,11831726.25,11789990.25,11865848.5,11845738.5,11799574.25,11838389.0,11841748.0,11790694.75,11854984.75,11843479.75,11814375.75,11840754.0,11830010.0,11790813.0,11851065.5,11841781.0,11801476.75,11789990.25,16353211.0,10000,100,4.0,2.0,7.0796417744804,7.07151344594556,7.2136030403396365,1000000,euclidean_GPU
52,52,../../DistanceBenchmarking/Generated/10000_cells_100_genes.csv,GPU,kendall,13803318.56,1627392.147,21612050.5,13478336.0,13546450.75,13512681.25,13494427.25,13560071.75,13474691.25,13483009.0,13508676.0,13468159.0,13481837.25,13511517.25,13465233.5,13480621.25,13495740.5,13391138.0,13403681.0,13498415.75,13453514.5,13474523.0,13486021.0,13393602.25,13479544.0,13525790.75,13403231.25,13391138.0,21612050.5,10000,100,4.0,2.0,7.139983510968861,7.126817485609449,7.334695973666608,1000000,kendall_GPU
53,53,../../DistanceBenchmarking/Generated/10000_cells_100_genes.csv,GPU,pearson,165691266.1,1511994.052,172944420.3,165515879.8,165457979.8,165361339.5,165393259.8,165349882.3,165345152.8,165458734.3,165386561.0,165355085.8,165410339.3,165461041.5,165358967.3,165415450.0,165439239.8,165309439.8,165375907.3,165361683.5,165330764.8,165428709.3,165388524.5,165322975.5,165326480.5,165443807.3,165340026.8,165309439.8,172944420.3,10000,100,4.0,2.0,8.219299616539168,8.218297654152181,8.23790655494818,1000000,pearson_GPU
56,56,../DistanceBenchmarking/Generated/100_cells_10000_genes.csv,factoextra,pearson,16165642.6,718797.0192,15481701.5,16480549.75,17222632.5,16138248.25,16795329.75,16082419.0,16956588.0,17039709.25,16593538.5,15919670.5,17259222.5,15260711.25,15874959.25,15712220.25,15985905.25,16418962.5,14809684.0,16400220.75,17444116.75,15970376.0,15618070.5,14985244.75,16627823.75,15529487.75,15533672.75,14809684.0,17444116.75,100,10000,2.0,4.0,7.208592972918326,7.170545791909432,7.2416489846576075,1000000,pearson_factoextra
57,57,../DistanceBenchmarking/Generated/10000_cells_1000_genes.csv,factoextra,pearson,8816937.02,273411.4668,8709369.75,9090912.75,9136219.25,9347907.25,8679866.0,8837834.5,9013151.5,8547438.75,8785171.25,8579010.25,8657455.75,8429845.0,8403605.5,8492887.0,8648594.5,9149407.5,9264516.0,9010599.5,9186867.25,8738577.0,8566696.0,8703111.5,8624559.25,9042044.25,8777778.25,8403605.5,9347907.25,10000,1000,4.0,3.0,6.945317738607387,6.924465656633189,6.9707143946687316,10000000,pearson_factoextra
58,58,../DistanceBenchmarking/Generated/100_cells_10000_genes.csv,factoextra,euclidean,35389126.64,1163693.388,34648879.5,34811282.25,35839842.25,35404439.25,35051297.5,35483648.75,34527253.25,34713610.75,35556485.0,34928589.5,36210597.25,35145884.25,34209450.0,34873901.25,34719280.0,34830032.75,34454757.0,34418956.75,34930228.25,35298520.25,39196170.25,34936064.0,36518376.25,35699420.5,38321199.25,34209450.0,39196170.25,100,10000,2.0,4.0,7.548869844917567,7.534146091902538,7.593243635373909,1000000,euclidean_factoextra
59,59,../DistanceBenchmarking/Generated/10000_cells_1000_genes.csv,factoextra,euclidean,30696113.11,1371219.646,30298469.75,30340621.25,30277261.75,30283515.5,30294382.25,30349886.5,30292040.0,30300019.0,30288358.5,30295690.0,30338325.0,30291749.25,30294781.75,30296063.0,30299680.5,30296284.75,30292228.25,30296118.75,30297023.0,30297205.0,30297617.75,30292870.25,30292293.25,35121513.25,35378829.5,30277261.75,35121513.25,10000,1000,4.0,3.0,7.487083386495132,7.4811165953776095,7.545573219704638,10000000,euclidean_factoextra
60,60,../DistanceBenchmarking/Generated/1000_cells_10000_genes.csv,factoextra,pearson,80607419.5,70347.22763,80873291.0,80564258.75,80486091.5,80552210.5,80599285.5,80567059.75,80582852.75,80608051.25,80597523.5,80537458.25,80631346.0,80653852.0,80654986.75,80583161.5,80540327.0,80617976.25,80611165.25,80650325.0,80620602.25,80619307.75,80551243.75,80621649.75,80677392.5,80586169.5,80597899.5,80486091.5,80873291.0,1000,10000,3.0,4.0,7.9063750182270285,7.905720838048867,7.907805116339983,10000000,pearson_factoextra
61,61,../DistanceBenchmarking/Generated/10_cells_10000_genes.csv,factoextra,euclidean,4458148.21,46314.65283,4648923.25,4522105.5,4470727.75,4467697.25,4461708.0,4420789.5,4458559.75,4429788.0,4464481.5,4421934.5,4456719.25,4429497.25,4461676.0,4463115.5,4420520.0,4454734.25,4421254.75,4454481.0,4420300.0,4462374.75,4413742.75,4453708.25,4464309.75,4451873.0,4458683.75,4413742.75,4648923.25,10,10000,1.0,4.0,6.6491545023934835,6.644807017200986,6.667352376388157,100000,euclidean_factoextra
62,62,../DistanceBenchmarking/Generated/10_cells_10000_genes.csv,factoextra,pearson,3060333.91,44888.39808,3247135.5,3074404.25,3052230.75,3077237.0,3061200.5,3061259.5,3016749.75,3011814.0,2969900.75,3056833.5,3053838.0,3061973.75,3060043.0,3067198.0,3057856.75,3057701.5,3049860.5,3060928.0,3055041.0,3048662.5,3060860.0,3060664.5,3055753.0,3068604.5,3060597.25,2969900.75,3247135.5,10,10000,1.0,4.0,6.485768814507374,6.472741936035208,6.511500411716383,100000,pearson_factoextra
63,63,../DistanceBenchmarking/Generated/10_cells_10000_genes.csv,factoextra,kendall,93434935.49,54391.37707,93622187.25,93393227.0,93457419.75,93388627.0,93364025.5,93437797.25,93446374.25,93452152.25,93477016.5,93495210.5,93525963.0,93444841.5,93368282.5,93420697.75,93412050.0,93439915.75,93419468.5,93401646.25,93422204.25,93417069.0,93437096.5,93436800.0,93395324.75,93422600.5,93375389.75,93364025.5,93622187.25,10,10000,1.0,4.0,7.970509290081299,7.970179568559458,7.971378783122435,100000,kendall_factoextra
64,64,../DistanceBenchmarking/Generated/1000_cells_10000_genes.csv,factoextra,euclidean,429484536.9,4165743.522,435843358.5,425818731.3,422206243.3,428501648.3,428569485.3,427861987.3,430639255.3,426342709.0,424265943.8,428954156.0,437837767.0,424691267.0,430635188.5,423097433.5,434097376.0,427935092.8,434247371.5,430473013.0,434546888.8,425699880.5,429308167.8,427492043.5,432056661.0,430869670.0,435122082.8,422206243.3,437837767.0,1000,10000,3.0,4.0,8.632947532172164,8.625524651071807,8.641313220211073,10000000,euclidean_factoextra
65,65,../DistanceBenchmarking/Generated/10000_cells_10_genes.csv,factoextra,euclidean,2968.97,92.23388861,3109.25,2789.0,2768.0,2953.75,2945.25,2974.75,2982.0,2958.0,3032.5,3075.0,3124.0,3092.25,3054.75,3135.75,2965.25,2961.5,2916.0,2911.25,2908.75,2950.25,2939.0,2921.5,2915.5,2917.5,2923.5,2768.0,3135.75,10000,10,4.0,1.0,3.4726058092833867,3.44216608578472,3.4963414309421146,100000,euclidean_factoextra
66,66,../DistanceBenchmarking/Generated/10000_cells_10_genes.csv,factoextra,pearson,1943.93,462128.3267,2419.5,1737.0,1723.25,1919.0,2052.5,1945.25,1977.25,1985.25,2036.0,2000.5,1902.25,1904.0,1916.25,1895.0,1901.25,1898.0,1891.0,1896.5,1893.0,2048.5,1899.0,1902.0,2060.5,1897.5,1898.0,1723.25,2419.5,10000,10,4.0,1.0,3.288680622132909,3.2363482871662246,3.383725626444643,100000,pearson_factoextra
67,67,../DistanceBenchmarking/Generated/100_cells_1000_genes.csv,factoextra,pearson,116541.58,21226.55318,96249.25,123922.0,136603.5,136155.75,97249.5,133622.25,94897.25,135180.75,95426.0,132949.0,137204.5,87969.0,139564.75,136043.5,93128.0,140512.5,136377.75,91127.25,134088.5,90700.0,95445.25,132607.5,90041.75,95259.0,131215.0,87969.0,140512.5,100,1000,2.0,3.0,5.06648090169501,4.944329655095139,5.147714960821517,100000,pearson_factoextra
68,68,../DistanceBenchmarking/Generated/100_cells_1000_genes.csv,factoextra,euclidean,324782.26,21952.75265,311416.0,322702.75,328862.5,317001.5,355568.25,309113.75,309344.0,352929.75,309258.0,352346.0,306664.5,308474.5,355225.0,306512.0,307016.5,320611.0,358904.0,308288.0,310181.75,352409.0,309008.0,310072.5,312711.0,375966.5,308969.75,306512.0,375966.5,100,1000,2.0,3.0,5.511592299526907,5.486447481894451,5.575149149413557,100000,euclidean_factoextra
69,69,../DistanceBenchmarking/Generated/100_cells_1000_genes.csv,factoextra,kendall,91150707.02,271381.5832,90901092.75,91439202.25,91462240.0,91492260.5,91440286.0,91407776.5,91445944.0,91411685.75,91414456.75,91454921.25,91453858.75,91407896.5,90939039.0,90779088.25,90835539.0,90793592.0,90901394.5,90805469.25,90901275.0,90969018.5,91065387.0,91061990.5,90983500.0,91064749.25,90936012.25,90779088.25,91492260.5,100,1000,2.0,3.0,7.959760041654667,7.957985816543178,7.961384357844539,100000,kendall_factoextra
70,70,../DistanceBenchmarking/Generated/10000_cells_10_genes.csv,factoextra,kendall,98285440.81,34769.11289,98276798.75,98297497.75,98334620.0,98362729.75,98284174.25,98300249.0,98283842.0,98283580.25,98302490.0,98245019.0,98233169.5,98267903.0,98249774.0,98241846.25,98263465.0,98358669.75,98287104.75,98280928.5,98271912.25,98268843.5,98295692.75,98344619.25,98289428.5,98268746.5,98242916.0,98233169.5,98362729.75,10000,10,4.0,1.0,7.992489189814115,7.9922581568142945,7.992830572719299,100000,kendall_factoextra
71,71,../DistanceBenchmarking/Generated/10000_cells_100_genes.csv,factoextra,pearson,87172.16,1733.731534,89310.0,87553.75,86979.0,87344.25,93410.25,85496.75,86002.75,86866.75,88462.25,85460.5,86169.0,86839.25,88528.25,85433.75,86235.5,86886.5,88371.5,85433.25,86222.5,86890.0,88424.25,85437.75,86220.75,86876.0,88449.5,85433.25,93410.25,10000,100,4.0,2.0,4.940377807307895,4.931626927845099,4.970394534412061,1000000,pearson_factoextra
72,72,../DistanceBenchmarking/Generated/1000_cells_1000_genes.csv,factoextra,pearson,818946.71,27626.13781,819478.75,844577.25,833371.5,832687.25,788441.5,850451.75,788366.0,790672.0,874268.75,790293.25,803111.5,861795.75,790510.25,830803.0,849063.0,831409.0,791910.25,828891.25,793242.0,849037.0,831973.25,789431.75,789833.75,834329.75,785718.25,788366.0,874268.75,1000,1000,3.0,3.0,5.913255642534636,5.896727886116299,5.941644955175409,1000000,pearson_factoextra
73,73,../DistanceBenchmarking/Generated/10000_cells_100_genes.csv,factoextra,euclidean,292339.5,1927.891385,293531.0,292727.0,292331.75,291283.25,291238.25,291048.25,297437.5,291381.0,291225.25,291358.75,290905.5,290950.25,293370.0,291024.75,291529.75,291643.0,293420.25,291736.5,298668.25,292257.5,292479.75,291700.0,290903.25,291058.0,293278.75,290903.25,298668.25,10000,100,4.0,2.0,5.465887499835858,5.463748573255247,5.475189057278759,1000000,euclidean_factoextra
74,74,../DistanceBenchmarking/Generated/1000_cells_1000_genes.csv,factoextra,euclidean,2974679.56,122406.2726,3053751.75,2944940.5,2984123.0,2932101.25,2975388.75,2922643.0,2976709.25,2921330.0,2923443.0,2925309.25,2929162.75,2920451.0,3363965.0,2923604.25,2919864.0,2919114.5,2920216.5,2968563.75,2921740.25,2916100.75,3369827.25,2919010.0,2977529.75,2920844.0,2917255.5,2916100.75,3369827.25,1000,1000,3.0,3.0,6.473440189285028,6.4648025245887295,6.527607637875869,1000000,euclidean_factoextra
75,75,../DistanceBenchmarking/Generated/10000_cells_100_genes.csv,CPU,pearson,79497304.77,1661498.377,82381105.75,82608737.0,82263200.0,80954871.0,79062494.25,78936921.25,75979345.5,78439569.0,78839648.25,77976642.75,80019866.25,77890910.25,80906907.25,79632537.25,77580261.75,80301925.0,80204639.25,78731241.75,81129884.75,81044025.0,78425839.0,78687269.25,77573739.5,79295250.0,78565788.25,75979345.5,82608737.0,10000,100,4.0,2.0,7.900352404840639,7.880695548142594,7.9170259823109985,1000000,pearson_CPU
76,80,../DistanceBenchmarking/Generated/10_cells_10000_genes.csv,CPU,kendall,10611146.46,9686.705371,10610077.75,10607325.0,10601795.5,10608241.75,10604617.5,10606761.5,10607113.5,10604021.25,10603794.75,10599541.0,10600826.5,10598613.5,10612179.0,10606271.25,10599832.25,10624144.5,10616710.75,10633811.75,10613193.0,10612663.0,10622015.0,10614103.5,10617179.25,10630497.25,10623331.5,10598613.5,10633811.75,10,10000,1.0,4.0,7.0257623089110846,7.025249055011589,7.026688967746086,100000,kendall_CPU
77,77,../DistanceBenchmarking/Generated/100_cells_10000_genes.csv,CPU,pearson,233460.61,21333.62006,308783.0,224670.5,228471.0,227832.25,226634.5,275525.75,224287.75,228494.5,223828.25,224404.25,224547.0,224638.75,224441.75,225720.0,235673.75,227237.0,224669.0,223757.25,228919.25,224089.25,224538.0,230243.5,279119.5,222715.0,223274.5,222715.0,308783.0,100,10000,2.0,4.0,5.368213615939754,5.347749468034705,5.489653382306757,1000000,pearson_CPU
78,81,../DistanceBenchmarking/Generated/10_cells_10000_genes.csv,CPU,euclidean,3141.83,1312.462247,4889.25,2387.75,2403.75,2418.25,3333.5,3286.75,5348.5,2448.25,2372.5,2402.25,2388.25,2819.5,5362.75,2415.5,2388.25,2366.25,2397.0,6719.0,2477.75,2380.0,2386.5,2382.5,2610.5,5699.0,2462.25,2366.25,6719.0,10,10000,1.0,4.0,3.4971826822764216,3.374060626971853,3.827304641089735,100000,euclidean_CPU
79,79,../DistanceBenchmarking/Generated/1000_cells_10000_genes.csv,CPU,pearson,37350127.56,1870066.461,40634766.0,34922947.0,38022676.25,34950092.0,37978657.75,34908217.5,37805992.0,35548786.25,39791577.5,35744477.75,39714883.5,36045675.5,39702502.0,35779461.5,38771440.75,35570183.25,38944103.0,35345789.0,37596342.75,36325280.75,39673685.25,35683617.25,38966051.75,36329811.75,38996171.0,34908217.5,40634766.0,1000,10000,3.0,4.0,7.57229208937791,7.542927673229013,7.608897763161044,10000000,pearson_CPU
80,89,../DistanceBenchmarking/Generated/100_cells_1000_genes.csv,CPU,euclidean,10772.02,2777.132698,12329.0,9780.75,10292.0,10247.0,10049.75,10025.5,10071.5,10060.5,10012.25,10044.0,9996.75,12226.0,23545.5,9915.0,9786.5,9819.5,9746.75,9916.0,9775.25,9786.0,9836.0,9775.75,9851.5,10050.25,12361.5,9746.75,23545.5,100,1000,2.0,3.0,4.032297151078275,3.9888598267384014,4.371907917328553,100000,euclidean_CPU
81,93,../DistanceBenchmarking/Generated/100_cells_1000_genes.csv,CPU,kendall,9259221.49,22729.10908,9267768.5,9262152.5,9270095.0,9262334.75,9278480.75,9263300.5,9272021.25,9262719.25,9272999.25,9268228.5,9264756.0,9276819.75,9157130.5,9259096.0,9254464.25,9266251.5,9262741.75,9266030.25,9252560.5,9251961.0,9255335.0,9254358.5,9252785.0,9251806.5,9274340.5,9157130.5,9278480.75,100,1000,2.0,3.0,6.966574472987502,6.961759403443748,6.9674768710565385,100000,kendall_CPU
82,82,../DistanceBenchmarking/Generated/10_cells_10000_genes.csv,CPU,pearson,4417.3,1305.83024,5959.25,3672.0,3709.0,3676.5,4598.5,4558.25,6621.0,3776.0,3666.75,3662.25,3678.25,4101.25,6620.75,3696.25,3658.5,3676.0,3688.0,8072.0,3752.75,3671.75,3656.0,3649.75,3864.75,6978.5,3768.5,3649.75,8072.0,10,10000,1.0,4.0,3.6451568952783635,3.5622631172403323,3.906981153228854,100000,pearson_CPU
83,76,../DistanceBenchmarking/Generated/100_cells_10000_genes.csv,CPU,euclidean,99087.05,20066.6183,174490.75,92978.0,92712.5,94022.75,92397.0,138736.75,91663.25,95887.75,93020.5,91507.75,91627.0,91420.75,91697.0,91532.75,91495.75,91557.75,91437.0,91454.75,95985.0,88743.0,91896.5,95470.5,135119.5,89161.75,91160.25,88743.0,174490.75,100,10000,2.0,4.0,4.996016898874365,4.9481341061635336,5.241772409344281,1000000,euclidean_CPU
84,84,../DistanceBenchmarking/Generated/10000_cells_1000_genes.csv,CPU,pearson,448167738.1,2091863.55,453482963.3,447595414.3,451276373.5,451155998.8,447409446.3,452565543.8,447805058.3,446300243.8,446879676.3,446222410.0,451888429.5,446626234.5,446904563.5,447522445.8,446753401.5,447503188.8,446736760.3,447541583.5,447613711.0,448200955.8,447476438.8,446883589.0,447391736.5,446537167.8,447920117.8,446222410.0,453482963.3,10000,1000,4.0,3.0,8.651440590107478,8.649551377455985,8.656560975886121,10000000,pearson_CPU
85,85,../DistanceBenchmarking/Generated/100_cells_10000_genes.csv,CPU,kendall,911993816.7,14050163.38,945384075.3,925332942.3,931668781.3,946317677.8,926825107.3,899726148.5,911988730.5,903999666.8,904351435.5,904747147.5,905576862.3,901442135.5,903930873.3,904381399.8,922794676.3,921112708.0,919230081.5,910192700.5,905431825.3,900520894.5,898961879.0,900398693.8,900262633.3,905049973.3,900216370.0,898961879.0,946317677.8,100,10000,2.0,4.0,8.95999189383042,8.953741275614243,8.976036953056658,1000000,kendall_CPU
86,86,../DistanceBenchmarking/Generated/100_cells_100000_genes.csv,CPU,euclidean,979114.41,20888.40601,1051011.75,926386.5,977175.5,932689.75,979497.25,980515.5,979092.25,979864.25,977486.25,993889.0,978407.5,980971.5,980250.75,989477.75,977499.75,981235.5,977806.25,981034.5,977719.0,980703.25,977986.5,979857.5,977255.25,981285.25,978762.0,926386.5,1051011.75,100,100000,2.0,5.0,5.990833442291953,5.966792217564033,6.02160757133903,10000000,euclidean_CPU
87,94,../DistanceBenchmarking/Generated/1000_cells_1000_genes.csv,CPU,euclidean,1003236.26,35500.66598,1044881.75,1061459.75,959582.0,944148.25,966983.0,999724.75,1079595.5,970811.25,1032336.75,1019414.75,985466.5,1035942.25,994029.0,1040901.25,1013614.25,1012390.75,988573.0,1035379.0,1021312.5,986875.75,965760.0,948224.5,972109.5,994658.5,1006732.0,944148.25,1079595.5,1000,1000,3.0,3.0,6.001403220489561,5.975040192499216,6.033261065649909,1000000,euclidean_CPU
88,88,../DistanceBenchmarking/Generated/100_cells_100000_genes.csv,CPU,pearson,2390581.37,21485.05889,2462776.5,2337375.0,2387286.0,2342523.5,2387737.75,2407535.75,2389405.75,2397877.5,2387977.0,2390847.5,2395852.0,2389741.0,2401418.75,2390395.5,2392989.5,2394846.5,2386193.5,2391122.75,2389156.75,2390139.5,2389093.25,2387614.75,2385013.5,2401464.75,2388150.0,2337375.0,2462776.5,100,100000,2.0,5.0,6.378503530688392,6.368728394619717,6.391425000868357,10000000,pearson_CPU
89,97,../DistanceBenchmarking/Generated/1000_cells_1000_genes.csv,CPU,kendall,478652069.2,3470704.036,485178471.3,484651559.3,479377966.0,475389806.5,473333065.0,478855864.8,483694405.5,479316749.0,479814895.8,475404004.8,478447169.3,481039876.3,478984546.0,477508659.5,478977371.5,477173643.3,478767035.5,475613329.8,477306464.3,487230318.5,475613998.8,478070482.8,475708001.8,475280439.3,475563606.3,473333065.0,487230318.5,1000,1000,3.0,3.0,8.680019940696594,8.67516684346117,8.687734304968764,1000000,kendall_CPU
90,90,../DistanceBenchmarking/Generated/100_cells_1000_genes.csv,CPU,pearson,23953.41,2946.95516,25545.5,23021.75,23314.25,23315.5,23298.5,25690.0,23726.5,23480.75,23332.75,23334.5,23404.25,23357.75,37412.25,23220.5,23028.75,22961.75,22551.25,22890.75,22505.5,22493.0,22455.75,22468.0,23105.25,23332.5,25588.0,22455.75,37412.25,100,1000,2.0,3.0,4.37936734817918,4.351327564650214,4.573013827770514,100000,pearson_CPU
91,91,../DistanceBenchmarking/Generated/10000_cells_10_genes.csv,CPU,pearson,6434700.77,43818.58221,6518267.5,6429248.75,6398585.25,6385377.5,6424161.0,6413121.75,6331388.25,6390854.5,6499473.0,6392476.25,6470162.5,6480333.5,6441245.25,6441437.75,6482209.25,6396981.0,6436485.25,6484775.0,6411077.5,6439859.5,6480976.75,6401707.0,6434255.0,6477955.25,6405105.0,6331388.25,6518267.5,10000,10,4.0,1.0,6.808528355908725,6.801498945911716,6.814132179294218,100000,pearson_CPU
92,78,../DistanceBenchmarking/Generated/1000_cells_10000_genes.csv,CPU,euclidean,9519671.22,44477.05439,9655562.75,9556808.0,9546494.0,9505805.25,9479299.75,9491475.0,9518907.75,9460441.25,9528759.5,9530614.5,9479102.5,9538685.75,9515685.75,9584462.0,9462325.5,9465796.75,9467842.5,9524353.75,9536678.0,9512761.0,9543618.25,9511233.75,9483590.75,9575912.5,9515564.0,9460441.25,9655562.75,1000,10000,3.0,4.0,6.978621949455331,6.975911393058352,6.984777590606088,10000000,euclidean_CPU
93,87,../DistanceBenchmarking/Generated/10000_cells_10_genes.csv,CPU,euclidean,2664790.45,64353.74189,2873568.25,2657406.5,2674413.75,2683858.25,2682417.25,2646782.0,2594574.5,2641859.75,2744913.0,2586829.0,2639737.25,2648075.5,2671956.0,2631205.0,2659380.75,2584812.5,2736087.75,2645578.5,2584234.5,2634739.0,2771516.5,2610196.0,2652144.75,2670694.25,2692780.75,2584234.5,2873568.25,10000,10,4.0,1.0,6.425663063273734,6.412331920095168,6.4584215165023915,100000,euclidean_CPU
94,92,../DistanceBenchmarking/Generated/10000_cells_10_genes.csv,CPU,kendall,10595454.17,172898.903,11063293.75,10881753.5,10892626.0,10795482.25,10837791.0,10824104.5,10569514.5,10537298.75,10526854.0,10460472.0,10511897.25,10523766.75,10465492.0,10505996.0,10531936.5,10460193.5,10504008.5,10528109.75,10460920.5,10502698.25,10546908.0,10459504.75,10502681.25,10530732.25,10462318.75,10459504.75,11063293.75,10000,10,4.0,1.0,7.025119577308956,7.01951112148784,7.043884443830491,100000,kendall_CPU
95,95,../DistanceBenchmarking/Generated/1000_cells_1000_genes.csv,CPU,pearson,2804293.61,318213.7073,3705427.5,3457061.5,3040377.0,2724546.0,2975346.5,3000412.5,2813456.0,2470462.75,3042396.75,2830897.0,2660727.25,2696087.5,2673075.25,2940530.5,2512728.25,2931025.75,2985050.75,3037842.75,2450095.0,2609149.5,2428300.5,2587847.0,2457162.75,2647261.0,2430073.0,2428300.5,3705427.5,1000,1000,3.0,3.0,6.447823482378527,6.3853024292798715,6.568838320326313,1000000,pearson_CPU
96,96,../DistanceBenchmarking/Generated/10000_cells_100_genes.csv,CPU,euclidean,15337824.96,44586.71822,15450249.5,15330596.25,15331308.5,15308434.0,15333034.5,15374618.25,15349039.75,15308261.75,15381646.75,15389030.5,15374543.0,15375048.0,15295398.25,15360579.75,15363085.25,15237980.0,15331126.0,15327461.25,15267302.0,15302929.25,15351136.5,15281293.5,15366168.25,15347805.0,15307548.25,15237980.0,15450249.5,10000,100,4.0,2.0,7.185763777159008,7.1829273992215485,7.188935497068188,1000000,euclidean_CPU
97,98,../DistanceBenchmarking/Generated/10000_cells_100_genes.csv,CPU,kendall,1214165949.0,34813577.61,1210383034.0,1381134607.0,1207936167.0,1207424903.0,1207268854.0,1206629560.0,1206151028.0,1205814157.0,1205359211.0,1205204976.0,1209062401.0,1208810148.0,1208254196.0,1207822721.0,1207630401.0,1206845268.0,1206535063.0,1206028203.0,1205731339.0,1205185715.0,1205366057.0,1209055190.0,1208675850.0,1208188073.0,1207651609.0,1205185715.0,1381134607.0,10000,100,4.0,2.0,9.084278049020568,9.081053975363217,9.140236007491367,1000000,kendall_CPU
98,83,../DistanceBenchmarking/Generated/10000_cells_1000_genes.csv,CPU,euclidean,375668927.9,142211374.0,144270932.0,507685899.3,141609933.5,342122518.0,508343236.5,167330763.3,507114179.0,364287733.5,144068465.3,268473271.0,506894139.8,286799157.5,498578250.0,308504852.0,504920609.5,336589622.5,503847293.3,504329096.3,142581697.3,347717372.3,503737208.3,350351472.8,503820343.5,493190047.0,504555104.0,141609933.5,508343236.5,10000,1000,4.0,3.0,8.57480527544766,8.151093718840496,8.706157049649194,10000000,euclidean_CPU
99,99,../../DistanceBenchmarking/Generated/100_cells_100000_genes.csv,factoextra,euclidean,285.6666667,200.432709,516.5,184.75,155.75,160.0,280.0,155.25,190.3,202.3,206.4785714,184.75,155.75,160.0,280.0,155.25,190.3,202.3,206.4785714,184.75,155.75,160.0,280.0,155.25,190.3,202.3,206.4785714,155.25,516.5,100,100000,2.0,5.0,2.455859567254212,2.191031608848618,2.7130703258556395,10000000,euclidean_factoextra
100,100,../../DistanceBenchmarking/Generated/100_cells_100000_genes.csv,factoextra,pearson,600.5833333,377.5222951,1036.25,395.75,369.75,385.75,377.0,391.5,383.575,383.45,383.325,383.2,395.75,369.75,385.75,377.0,391.5,383.575,383.45,383.325,383.2,395.75,369.75,385.75,377.0,391.5,395.75,369.75,1036.25,100,100000,2.0,5.0,2.7785732759877133,2.5679081826689303,3.01546454355833,10000000,pearson_factoextra
101,101,../../DistanceBenchmarking/Generated/100_cells_100000_genes.csv,factoextra,kendall,588.4166667,421.8296704,1075.5,343.25,346.5,349.75,353.0,356.25,359.5,343.25,346.5,349.75,353.0,356.25,359.5,343.25,346.5,349.75,353.0,356.25,359.5,343.25,346.5,349.75,353.0,356.25,359.5,343.25,1075.5,100,100000,2.0,5.0,2.769684965471757,2.5356105459087925,3.0316104147234815,10000000,kendall_factoextra
102,102,../../DistanceBenchmarking/Generated/10000_cells_100_genes.csv,factoextra,kendall,2490488.4,98219.50257,2588788.5,2373257.0,2532081.5,2397931.25,2560383.75,2480847.825,2477634.3,2474420.775,2471207.25,2467993.725,2464780.2,2461566.675,2458353.15,2455139.625,2451926.1,2448712.575,2445499.05,2442285.525,2439072.0,2435858.475,2432644.95,2429431.425,2426217.9,2423004.375,2419790.85,2373257.0,2588788.5,10000,100,4.0,2.0,6.396284523250605,6.375344770513297,6.41309657069947,1000000,kendall_factoextra
103,103,../../DistanceBenchmarking/Generated/1000_cells_1000_genes.csv,factoextra,kendall,56785.55,30878.03465,27203.5,83609.5,21034.5,86029.5,66050.75,80819.9,88831.35,96842.8,104854.25,112865.7,120877.15,128888.6,136900.05,144911.5,152922.95,160934.4,168945.85,176957.3,184968.75,192980.2,200991.65,209003.1,217014.55,225026.0,233037.45,21034.5,225026.0,1000,1000,3.0,3.0,4.75423783652697,4.3229321930907485,5.352232700352131,1000000,kendall_factoextra
104,104,../../DistanceBenchmarking/Generated/100_cells_10000_genes.csv,factoextra,kendall,465.45,291.9011177,987.5,345.0,332.0,334.5,328.25,323.0,432.0,336.0,327.14,351.5,324.0,321.34,327.0,363.0,331.0,401.2,336.0,324.14,341.5,344.0,339.375619,338.6074048,337.8391905,337.0709762,336.3027619,321.34,987.5,100,10000,2.0,4.0,2.667873034639847,2.506964789348663,2.9945371042984976,1000000,kendall_factoextra
105,105,../../DistanceBenchmarking/Generated/1000_cells_10000_genes.csv,factoextra,kendall,53815.4,22041.72852,42192.0,75779.5,63009.75,21129.75,66966.0,52284.875,51774.7,51264.525,50754.35,50244.175,49734.0,49223.825,48713.65,48203.475,47693.3,47183.125,46672.95,46162.775,45652.6,45142.425,44632.25,44122.075,43611.9,43101.725,42591.55,21129.75,75779.5,1000,10000,3.0,4.0,4.730906572654868,4.324894358658429,4.879551735434127,10000000,kendall_factoextra
106,0,../../DistanceBenchmarking/Generated/100_cells_100000_genes.csv,pandas,euclidean,1606029.463,0.040820053,1.682692289,1.597561121,1.627490044,1.658661366,1.635951281,1.664521456,1.646234989,1.677740574,1.652267694,1.606179476,1.579755306,1.565582275,1.666600704,1.574602842,1.578223705,1.580562592,1.56447053,1.575768471,1.57524538,1.583385468,1.556617975,1.57733202,1.562270403,1.592202902,1.568815708,1556617.975,1682692.289,100,100000,2.0,5.0,6.205753508253341,6.1921820411443855,6.226004704563123,10000000,euclidean_pandas
107,1,../../DistanceBenchmarking/Generated/100_cells_100000_genes.csv,pythonic,pearson,2028325.024,0.038244252,1.879508734,2.03418088,2.087876081,2.034853458,2.091469526,2.040855169,2.021548033,2.048933744,2.024978399,2.046720743,2.017822266,2.022241592,2.00435853,2.074110508,2.014420033,2.009673595,2.022072077,2.022021055,2.01561451,2.018947363,2.058478355,2.006131887,2.047465324,2.045150518,2.018693209,1879508.7340000002,2091469.526,100,100000,2.0,5.0,6.307137548698513,6.274044348203166,6.320451541024486,10000000,pearson_pythonic
108,2,../../DistanceBenchmarking/Generated/100_cells_100000_genes.csv,pandas,pearson,2212702.293,0.057813445,2.269843817,2.179480553,2.197871923,2.204144716,2.186011314,2.187375546,2.188630342,2.187435389,2.186411142,2.209019899,2.187081337,2.196029663,2.185041904,2.190986633,2.192966223,2.186444283,2.183552027,2.18830061,2.208535671,2.198614836,2.198309183,2.201290131,2.211350679,2.434299469,2.358530045,2179480.553,2434299.469,100,100000,2.0,5.0,6.344922985908851,6.338352998261953,6.386374004351722,10000000,pearson_pandas
109,3,../../DistanceBenchmarking/Generated/100_cells_10000_genes.csv,pandas,euclidean,175191.336,0.00524557,0.178716183,0.176672459,0.175591469,0.175549269,0.174845219,0.178458214,0.160199404,0.159030914,0.176349401,0.17647171,0.17587471,0.175433159,0.176219463,0.177861214,0.177278042,0.177660704,0.178269625,0.178230762,0.165609121,0.1763587,0.179953575,0.176999569,0.176269531,0.178035975,0.177845001,159030.914,179953.575,100,10000,2.0,4.0,5.243512624546494,5.2014815549783835,5.255160478870844,1000000,euclidean_pandas
110,4,../../DistanceBenchmarking/Generated/100_cells_100000_genes.csv,pythonic,euclidean,2297276.5640000002,0.111391363,2.360362768,2.321114302,2.341534853,2.312459707,2.360190868,2.231485605,2.326853514,2.378561258,2.350101471,2.365718603,2.416443348,2.268069506,2.31900835,2.378174067,2.335286379,2.375107288,2.331143856,2.342196703,2.236927271,2.405224085,2.3936553,2.183653593,2.046268463,2.027582645,2.024790287,2027582.6449999998,2416443.348,100,100000,2.0,5.0,6.361213282086146,6.306978565243714,6.3831766178322775,10000000,euclidean_pythonic
111,5,../../DistanceBenchmarking/Generated/100_cells_10000_genes.csv,pandas,pearson,235236.235,0.005558091,0.23005724,0.236899853,0.236664295,0.231012583,0.230431795,0.229346514,0.23252368,0.248429775,0.247792959,0.251119137,0.233399868,0.236515284,0.236626387,0.234559298,0.233174324,0.233754635,0.233286619,0.234272242,0.236478806,0.233097315,0.232354879,0.230288029,0.23247242,0.232976437,0.233371496,229346.514,251119.137,100,10000,2.0,4.0,5.371504219821101,5.3604921433689405,5.399879810191262,1000000,pearson_pandas
112,6,../../DistanceBenchmarking/Generated/100_cells_10000_genes.csv,pythonic,euclidean,187761.67899999997,0.005553407,0.213310957,0.186774969,0.186451674,0.185168266,0.187564135,0.188110352,0.187657118,0.181861401,0.184480667,0.183991671,0.184766054,0.187757969,0.186001778,0.189309835,0.185557365,0.185800791,0.188200712,0.185592651,0.188359499,0.18872261,0.191012383,0.18648839,0.188708305,0.18707037,0.185322046,181861.401,213310.957,100,10000,2.0,4.0,5.273606960150266,5.259740532425001,5.32901316413401,1000000,euclidean_pythonic
113,7,../../DistanceBenchmarking/Generated/100_cells_10000_genes.csv,pythonic,pearson,280233.26900000003,0.017567355,0.318089485,0.241010189,0.280153513,0.287510633,0.282973766,0.286860466,0.287290812,0.269811153,0.274120808,0.29079318,0.281875134,0.287167549,0.285634518,0.283074379,0.232340813,0.287934303,0.280076504,0.284772635,0.286170959,0.286246777,0.241303682,0.290465832,0.282287359,0.285530806,0.292336464,232340.813,318089.485,100,10000,2.0,4.0,5.447519692996246,5.3661255046940095,5.502549312986789,1000000,pearson_pythonic
114,8,../../DistanceBenchmarking/Generated/100_cells_10000_genes.csv,pythonic,kendall,188042.316,0.004847317,0.210183382,0.187282562,0.183228016,0.185859203,0.189578533,0.184936762,0.185406446,0.187604427,0.186291456,0.187205553,0.190321922,0.184517145,0.18777442,0.187192202,0.187926054,0.185201645,0.18982482,0.187110662,0.186760664,0.190077543,0.185834885,0.187160015,0.187652111,0.186718464,0.189409018,183228.016,210183.382,100,10000,2.0,4.0,5.274255591483594,5.26299187906961,5.322598375864438,1000000,kendall_pythonic
115,9,../../DistanceBenchmarking/Generated/100_cells_100000_genes.csv,pythonic,kendall,1653234.6339999998,0.064400659,1.768054247,1.706718206,1.662649632,1.686608553,1.65747571,1.628899097,1.6067276,1.620509624,1.632914543,1.778835773,1.787913561,1.750647068,1.756516695,1.641116858,1.619884968,1.580317974,1.608224154,1.609896183,1.596321583,1.605874538,1.60842967,1.618252277,1.598797798,1.609903812,1.589375734,1580317.974,1787913.561,100,100000,2.0,5.0,6.218334494841907,6.198744479650468,6.2523465184374345,10000000,kendall_pythonic
116,10,../../DistanceBenchmarking/Generated/100_cells_10000_genes.csv,pandas,kendall,6011763.401,0.107378461,6.357730865,6.383464813,6.052170038,6.007992983,6.011398554,5.989782095,5.975667715,5.975161552,5.977022886,5.974539757,5.975390196,5.97247839,5.970723629,5.975891829,5.971801519,5.973087549,5.972117662,5.972209454,5.97155118,5.970803976,5.974841356,5.971058369,5.973765612,5.971723318,5.971709728,5970723.629,6383464.813,100,10000,2.0,4.0,6.77900188015471,6.7760269691589885,6.805056468802576,1000000,kendall_pandas
117,11,../../DistanceBenchmarking/Generated/1000_cells_10000_genes.csv,pandas,euclidean,13268056.35,0.747900488,16.90541911,13.14367938,12.9868772,13.022542,13.066504,13.14945889,13.09445238,13.12728,13.07644367,12.95058894,13.41470575,13.02652001,13.11800003,13.20426893,13.14596295,13.22421122,13.11065125,13.0785203,13.0257957,13.13401341,13.09594083,13.06578827,13.2007637,13.17674875,13.15627217,12950588.94,16905419.11,1000,10000,3.0,4.0,7.122807307318509,7.1122895188092645,7.228025942028973,10000000,euclidean_pandas
118,12,../../DistanceBenchmarking/Generated/1000_cells_10000_genes.csv,pythonic,euclidean,12862102.24,0.096268042,12.86776996,12.83347964,12.85441446,12.88196898,12.94349313,12.88976073,12.71533847,12.87150836,12.87023973,12.96599197,12.95589185,12.97771072,12.93221545,12.89872646,12.94678783,12.9389205,12.94314337,12.9165554,12.91652679,12.81052852,12.65907621,12.86733294,12.78771663,12.66470623,12.64275169,12659076.21,12977710.719999999,1000,10000,3.0,4.0,7.109311957438582,7.10240201440664,7.113198089278127,10000000,euclidean_pythonic
119,13,../../DistanceBenchmarking/Generated/1000_cells_10000_genes.csv,pandas,pearson,21128751.520000003,0.310504746,20.64806104,20.51175976,20.60503817,20.64375424,20.63122296,20.63654447,20.82148027,21.29911399,21.30855346,21.29106641,21.3133297,21.3042891,21.31394386,21.28354239,21.31855869,21.3060236,21.37974691,21.39388108,21.37751079,21.37216258,21.36376095,21.1204803,21.34000111,21.2951436,21.33981848,20511759.76,21393881.08,1000,10000,3.0,4.0,7.324873835718013,7.312002921278791,7.3302895774061145,10000000,pearson_pandas
120,14,../../DistanceBenchmarking/Generated/10_cells_10000_genes.csv,pandas,euclidean,3530.025,0.000119233,0.004068136,0.003607035,0.003554583,0.003596783,0.003590345,0.003521204,0.003556967,0.00348711,0.003499508,0.003515244,0.003481627,0.003508329,0.003497124,0.003465652,0.003453732,0.003451109,0.003505707,0.003514528,0.00352788,0.003492832,0.003465176,0.003399372,0.003479004,0.003499985,0.003511667,3399.372,4068.136,10,10000,1.0,4.0,3.547777781116888,3.5313986928876093,3.609395463194231,100000,euclidean_pandas
121,15,../../DistanceBenchmarking/Generated/10_cells_10000_genes.csv,pandas,pearson,4357.6810000000005,0.000123764,0.004920483,0.00439477,0.004388332,0.004394293,0.004409313,0.004378319,0.004406214,0.00439167,0.004324436,0.004333258,0.004273415,0.004336119,0.004328966,0.00430131,0.00426507,0.004252434,0.004266262,0.004280806,0.004295826,0.004329443,0.004328966,0.004314661,0.004321575,0.004346132,0.004359961,4252.434,4920.483,10,10000,1.0,4.0,3.639255434948684,3.6286375818593886,3.6920077356818073,100000,pearson_pandas
122,16,../../DistanceBenchmarking/Generated/10_cells_10000_genes.csv,pandas,kendall,64400.244,0.000475907,0.065051079,0.06426692,0.063635826,0.066299438,0.064977884,0.064225435,0.064534426,0.064177275,0.064161539,0.064540625,0.064226151,0.064349174,0.064522743,0.064199209,0.064162493,0.064179659,0.064216137,0.064290285,0.06444931,0.064474583,0.064361572,0.064306736,0.0640378,0.064311743,0.064048052,63635.82600000001,66299.43800000001,10,10000,1.0,4.0,4.8088875128202595,4.803701685672581,4.821509847039263,100000,kendall_pandas
123,17,../../DistanceBenchmarking/Generated/10_cells_10000_genes.csv,pythonic,euclidean,75236.626,0.018730186,0.116627693,0.074085712,0.076915503,0.070770741,0.069805384,0.066298723,0.065577984,0.063727856,0.065942764,0.064375401,0.0632689,0.062584162,0.061146259,0.061691999,0.064562798,0.063324451,0.061636925,0.067695856,0.06826973,0.064100504,0.065703154,0.108662844,0.110157728,0.114079952,0.10990262,61146.259,116627.693,10,10000,1.0,4.0,4.876429311301022,4.786369891538189,5.066801684977809,100000,euclidean_pythonic
124,18,../../DistanceBenchmarking/Generated/10_cells_10000_genes.csv,pythonic,pearson,107724.791,0.006817901,0.140228033,0.105826378,0.107948303,0.109195948,0.104543447,0.101809978,0.105031252,0.105512857,0.107819796,0.105772495,0.106502533,0.106149197,0.108379602,0.103970528,0.108804941,0.105772734,0.105557919,0.107010603,0.107038498,0.106503248,0.105261564,0.106928349,0.107108355,0.106717825,0.107725382,101809.97799999999,140228.033,10,10000,1.0,4.0,5.032315660173868,5.007790343599798,5.1468348421628765,100000,pearson_pythonic
125,19,../../DistanceBenchmarking/Generated/10_cells_10000_genes.csv,pythonic,kendall,109183.722,0.006597124,0.140765429,0.107178211,0.108441114,0.110252619,0.106681824,0.111605644,0.106344461,0.107149124,0.107619524,0.106241941,0.108384609,0.105971098,0.106320858,0.106081009,0.107557774,0.107253551,0.110499859,0.107839346,0.108916998,0.107843637,0.109277725,0.106731653,0.108265638,0.107978344,0.108391047,105971.098,140765.429,10,10000,1.0,4.0,5.038157895030481,5.02518743422099,5.148496008229043,100000,kendall_pythonic
126,20,../../DistanceBenchmarking/Generated/1000_cells_10000_genes.csv,pythonic,pearson,13466517.31,0.234852666,13.06571531,13.08056426,13.10913467,13.03644681,13.35593176,13.30458856,13.19927907,13.4643147,13.83174825,13.71545601,13.48922276,13.65847802,13.6499517,13.43748164,13.77921724,13.77809072,13.65973139,13.52243018,13.67496634,13.42006969,13.60926843,13.60204077,13.49363327,13.49953341,13.22563767,13036446.809999999,13831748.25,1000,10000,3.0,4.0,7.129255293672932,7.115159237018026,7.140877075795739,10000000,pearson_pythonic
127,21,../../DistanceBenchmarking/Generated/1000_cells_10000_genes.csv,pythonic,kendall,12873919.53,0.184289011,12.93867683,12.7620225,12.87607479,12.8412385,12.85067677,13.03945589,13.69613671,12.97160244,12.85605597,12.78902626,12.85431075,12.83463812,12.81684542,12.78829026,12.85446787,12.86691856,12.767766,12.81501317,12.74728322,12.95602584,12.68807769,12.77793956,12.79484224,12.88840008,12.77620268,12688077.69,13696136.709999999,1000,10000,3.0,4.0,7.109710790190948,7.1033958291975985,7.136598082328865,10000000,kendall_pythonic
128,22,../../DistanceBenchmarking/Generated/100_cells_100000_genes.csv,pandas,kendall,52144638.02,3.599417701,50.52365279,51.38768435,49.28875613,49.30361319,55.28210163,57.3517487,57.14215207,57.86818361,57.96721601,57.03175712,56.00193238,56.60526967,55.43421555,52.93629098,49.12369633,49.11192989,48.9870441,49.0568409,49.10769892,48.96991873,48.96255326,48.93826127,49.16737175,49.03700781,49.02905345,48938261.269999996,57967216.01,100,100000,2.0,5.0,7.717209656999371,7.689648535218902,7.763182443021656,10000000,kendall_pandas
129,23,../../DistanceBenchmarking/Generated/10000_cells_1000_genes.csv,pandas,pearson,210030761.7,2.228259058,205.6054602,205.2749436,206.7569547,211.1468012,209.3912611,208.8985763,208.1991532,207.6319408,208.6516199,208.3866458,210.7158709,211.4917173,212.1760454,211.9435406,213.3410838,212.8154223,212.1644249,211.4997141,212.5562944,210.4592927,210.4793725,208.6416402,209.3532832,210.1393344,213.0486503,205274943.6,213341083.8,10000,1000,4.0,3.0,8.322282907391877,8.312335941477931,8.329074497031865,10000000,pearson_pandas
130,24,../../DistanceBenchmarking/Generated/10000_cells_1000_genes.csv,pandas,euclidean,590263864.5,57.16393301,560.9096568,536.8689041,576.3469887,570.1271412,532.9059384,526.9738262,527.8453131,529.1695392,528.4914925,530.2354393,542.1846421,540.2685668,555.4414165,586.8250835,597.7642756,587.9230812,587.7870972,659.0089169,693.1541204,673.1129744,669.014344,673.9377944,656.8486037,644.7449074,668.706548,526973826.2,693154120.4,10000,1000,4.0,3.0,8.77104619686068,8.721789045157143,8.840829809211355,10000000,euclidean_pandas
131,25,../../DistanceBenchmarking/Generated/10000_cells_1000_genes.csv,pythonic,euclidean,610921578.0,43.25949283,550.2541883,549.7131538,553.8117785,554.8473234,560.6945639,557.439898,556.9257772,551.9211984,590.9226406,612.0982423,612.8588259,622.7124741,624.7230964,624.4546824,622.3431785,647.3447657,642.3229945,646.0788918,633.8638802,650.4201288,647.727098,648.3845265,643.0829425,684.961745,683.1314566,549713153.8,684961745.0,10000,1000,4.0,3.0,8.78598546486164,8.740136129096726,8.83566631689485,10000000,euclidean_pythonic
132,26,../../DistanceBenchmarking/Generated/1000_cells_10000_genes.csv,pandas,kendall,708377805.9,44.21289464,660.4410098,619.1223075,655.6995339,647.4100828,660.0588534,664.6097748,655.4829111,659.1832135,656.1708982,729.594243,733.7162192,731.9414043,737.5525527,733.2184749,741.9830999,743.5315094,729.9995875,738.6993632,728.6082795,748.1283445,753.0004413,752.6255431,788.7780733,733.7506986,706.1387274,619122307.5,788778073.3,1000,10000,3.0,4.0,8.85026494590291,8.791776452292051,8.896954829446882,10000000,kendall_pandas
133,27,../../DistanceBenchmarking/Generated/10000_cells_1000_genes.csv,pythonic,pearson,634994947.0,21.16174068,661.3048749,662.5911033,646.5397656,640.5920129,655.2940869,640.9905999,646.5060205,634.429857,632.5529616,638.6386306,644.5515425,648.0539513,652.7205231,646.4051628,649.7378204,667.2499099,626.1018679,603.2287924,610.2998478,576.389678,606.1099601,633.1923792,612.0529382,624.507024,614.8323646,576389678.0,667249909.9,10000,1000,4.0,3.0,8.802770269388434,8.760716194855725,8.824288523815955,10000000,pearson_pythonic
134,28,../../DistanceBenchmarking/Generated/10000_cells_1000_genes.csv,pythonic,kendall,575964614.3,16.5592081,624.0583351,618.6750994,584.6508946,588.8788977,577.4622948,568.2282581,575.5998516,578.3713262,587.1195478,592.8781967,592.8974092,567.4902136,566.2459538,565.4242463,566.1076612,565.3521047,564.7739947,566.3486342,560.554116,563.8512099,565.0086195,563.9656458,564.6912255,565.6628857,564.8187363,560554116.0,624058335.1,10000,1000,4.0,3.0,8.760395802370578,8.748617545826066,8.79522518812456,10000000,kendall_pythonic
135,29,../../DistanceBenchmarking/Generated/10000_cells_10_genes.csv,pandas,pearson,2216413.3170000003,0.001184598,2.216507196,2.219578981,2.216692686,2.218281984,2.216370344,2.216025829,2.219673872,2.21548748,2.215350866,2.217158079,2.215746164,2.216045141,2.21668148,2.216618538,2.215790987,2.215674639,2.215714216,2.215465546,2.215184212,2.215543747,2.215836287,2.216516495,2.215106964,2.216039419,2.217241764,2215106.9639999997,2219673.872,10000,10,4.0,1.0,6.3456507508915125,6.3453947024567645,6.346289169948267,100000,pearson_pandas
136,30,../../DistanceBenchmarking/Generated/10000_cells_10_genes.csv,pandas,euclidean,416800900.09999996,2.770473429,419.3694808,417.9959338,415.671391,414.5051548,415.2509289,415.1401358,414.285079,417.8924222,420.6524661,420.3065782,421.708421,422.6771889,422.2722509,418.7742748,413.9463923,414.8019333,415.1710591,415.840138,414.9630492,415.1177247,414.468821,415.1816866,415.6037781,414.5629976,413.8632164,413946392.3,422677188.9,10000,10,4.0,1.0,8.619928648170646,8.616944101904092,8.626008810397803,100000,euclidean_pandas
137,31,../../DistanceBenchmarking/Generated/10000_cells_10_genes.csv,pythonic,euclidean,399333982.7,1.49208167,395.6380854,400.0334816,400.2682083,400.6027601,399.6171684,398.4687266,400.0454414,399.0469892,400.0366738,399.7781146,398.8701575,398.8566074,402.9234874,398.1201513,398.1165271,398.5116341,398.1297772,398.3159413,401.1608684,397.7535677,398.8794644,398.6722829,399.018594,399.8992329,402.5856245,395638085.40000004,402923487.4,10000,10,4.0,1.0,8.601336269550986,8.597298091527076,8.605222584218618,100000,euclidean_pythonic
138,32,../../DistanceBenchmarking/Generated/10000_cells_10_genes.csv,pythonic,pearson,401507882.2,0.802063144,398.5971859,401.5605631,401.564173,402.9065135,401.2125611,401.3220916,401.53548,401.3432119,401.3746397,401.3043344,400.7615697,401.455616,401.6936297,402.1798012,401.2956316,401.0017164,401.4133172,402.273217,403.0420253,401.4696088,402.2043169,401.8409359,401.8026838,401.6881962,400.8540342,398597185.9,403042025.29999995,10000,10,4.0,1.0,8.603694075548358,8.600534228252036,8.605350332504187,100000,pearson_pythonic
139,33,../../DistanceBenchmarking/Generated/10000_cells_10_genes.csv,pythonic,kendall,401182259.40000004,1.287253406,396.745641,401.7051094,403.3484504,402.2157538,400.994154,401.2398326,403.9400814,401.004874,401.2316649,400.5938439,401.0042162,400.3259838,401.8320627,401.3764889,402.0877757,400.78564,401.4136372,400.641253,400.7191672,400.5732365,400.596596,400.5497227,402.0960774,400.0516353,402.4835877,396745641.0,403940081.4,10000,10,4.0,1.0,8.603341719924064,8.59851216390818,8.606316948656984,100000,kendall_pythonic
140,34,../../DistanceBenchmarking/Generated/100_cells_1000_genes.csv,pandas,euclidean,53208.513,0.001209097,0.052747965,0.055027008,0.051995039,0.052639484,0.054021597,0.052527189,0.051726818,0.052383661,0.054573059,0.053761005,0.051478386,0.053744793,0.055027723,0.05228734,0.052562952,0.053533554,0.053469658,0.053146601,0.051702976,0.051540613,0.055075645,0.053441286,0.052535057,0.053228617,0.056034803,51478.386,55075.645,100,1000,2.0,3.0,4.7259811220159005,4.711624922026402,4.740959591947191,100000,euclidean_pandas
141,35,../../DistanceBenchmarking/Generated/100_cells_1000_genes.csv,pandas,pearson,21579.752,0.000431655,0.022470474,0.021460056,0.021441936,0.021805286,0.02139616,0.021539688,0.021370173,0.02129221,0.021418095,0.021789074,0.021392107,0.02148509,0.021506786,0.021255493,0.021340609,0.021282434,0.021268368,0.021397352,0.02172184,0.021733284,0.021278858,0.021277905,0.023199797,0.022036076,0.021334648,21255.493,23199.797000000002,100,1000,2.0,3.0,4.334046449352898,4.327471182448122,4.365484184797558,100000,pearson_pandas
142,36,../../DistanceBenchmarking/Generated/100_cells_1000_genes.csv,pandas,kendall,1876571.274,0.00681367,1.873346806,1.890703201,1.887777328,1.871959925,1.869975805,1.87282896,1.877655029,1.87336278,1.872988701,1.878914833,1.877645254,1.863007784,1.875894308,1.874872684,1.871989012,1.868117571,1.896880388,1.879144192,1.877243757,1.876569033,1.876912355,1.877434969,1.877944708,1.877915621,1.87319684,1863007.784,1896880.388,100,1000,2.0,3.0,6.273365063988678,6.27021466946478,6.278039946350262,100000,kendall_pandas
143,37,../../DistanceBenchmarking/Generated/100_cells_1000_genes.csv,pythonic,euclidean,119945.879,0.004806235,0.1253407,0.11956048,0.118045568,0.11611414,0.122609854,0.119240046,0.117877722,0.140816927,0.121260643,0.119808674,0.11777854,0.118997097,0.117072105,0.116841555,0.120016813,0.116845131,0.116442919,0.120108128,0.118595839,0.117931366,0.116765261,0.117536783,0.1216681,0.118511677,0.122860909,116114.14,140816.927,100,1000,2.0,3.0,5.078985331434282,5.064885109919867,5.148654862624582,100000,euclidean_pythonic
144,38,../../DistanceBenchmarking/Generated/100_cells_1000_genes.csv,pythonic,pearson,119443.121,0.004999786,0.126472712,0.118504763,0.114693403,0.116092443,0.119259834,0.118467808,0.118340731,0.140741825,0.118864298,0.118036509,0.118164539,0.116182804,0.120129108,0.116932869,0.122057199,0.116384029,0.116024256,0.121655464,0.116288185,0.116714716,0.117838621,0.117203474,0.118819475,0.121044159,0.121164799,114693.403,140741.82499999998,100,1000,2.0,3.0,5.077161142802781,5.059538438624092,5.148423178226766,100000,pearson_pythonic
145,39,../../DistanceBenchmarking/Generated/100_cells_1000_genes.csv,pythonic,kendall,118581.915,0.005505875,0.124358892,0.115856409,0.119021893,0.115765333,0.113726377,0.114953756,0.116786242,0.141797066,0.116823435,0.121750593,0.116943836,0.116656065,0.121391058,0.11687541,0.115108728,0.116982698,0.11575985,0.123646021,0.116536856,0.11591506,0.121269941,0.115464926,0.12024188,0.116150856,0.11476469,113726.37700000001,141797.066,100,1000,2.0,3.0,5.074018459562811,5.055861203975337,5.1516672447173395,100000,kendall_pythonic
146,40,../../DistanceBenchmarking/Generated/1000_cells_1000_genes.csv,pandas,euclidean,5300278.072000001,0.026583867,5.316283464,5.315741777,5.317695618,5.26088047,5.272903204,5.275247097,5.270637035,5.277969837,5.337446928,5.299327612,5.311630964,5.291477919,5.327793598,5.315235853,5.32619524,5.289108038,5.291110516,5.277961493,5.292301178,5.264274836,5.282751799,5.345828295,5.278131008,5.366450548,5.302567482,5260880.47,5366450.548,1000,1000,3.0,3.0,6.724298654877624,6.7210584345078335,6.7296871316784665,1000000,euclidean_pandas
147,41,../../DistanceBenchmarking/Generated/1000_cells_1000_genes.csv,pandas,pearson,2037579.2220000003,0.003981974,2.045767307,2.041237831,2.044180393,2.039648294,2.039845228,2.04148984,2.045262098,2.034695148,2.036184788,2.033623695,2.033882856,2.03433013,2.036341667,2.033419132,2.030260086,2.035251617,2.039236307,2.033214569,2.034983635,2.035093307,2.036122561,2.041349411,2.040468216,2.037004471,2.036587954,2030260.0860000001,2045767.3070000003,1000,1000,3.0,3.0,6.309114503305797,6.30755167667151,6.310856233954357,1000000,pearson_pandas
148,42,../../DistanceBenchmarking/Generated/1000_cells_1000_genes.csv,pandas,kendall,185456753.70000002,0.223724043,185.4799633,185.5198753,185.9620543,185.7029874,185.4662385,185.6179409,185.748785,185.0568075,184.9388354,185.2077692,185.2863524,185.5183909,185.2421641,185.5861704,185.2952514,185.2025356,185.5287819,185.5955169,185.5561674,185.7097101,185.4821901,185.4503114,185.4970355,185.5091763,185.2578323,184938835.39999998,185962054.3,1000,1000,3.0,3.0,8.268242653470697,8.26702811845473,8.269424335135412,1000000,kendall_pandas
149,43,../../DistanceBenchmarking/Generated/1000_cells_1000_genes.csv,pythonic,euclidean,5703428.478,0.037089093,5.68247366,5.732377291,5.697549343,5.713423252,5.807684898,5.754989386,5.686533451,5.691359997,5.709736586,5.649637222,5.722074747,5.718849182,5.723963737,5.696219683,5.676260948,5.676945448,5.766127825,5.671218395,5.73357439,5.707184076,5.655599594,5.702759504,5.640646696,5.70338726,5.665135384,5640646.696,5807684.898,1000,1000,3.0,3.0,6.756135999787959,6.751328898381154,6.764003045231266,1000000,euclidean_pythonic
150,44,../../DistanceBenchmarking/Generated/1000_cells_1000_genes.csv,pythonic,pearson,5690248.461,0.040626519,5.635686874,5.647629261,5.65257597,5.680949926,5.672295094,5.692102909,5.633572102,5.649321556,5.698551655,5.63819313,5.76204133,5.696219206,5.707478046,5.684217691,5.670464039,5.710496426,5.658033371,5.754725218,5.778943062,5.694909096,5.67815423,5.770141602,5.719791174,5.677645922,5.69207263,5633572.102,5778943.062,1000,1000,3.0,3.0,6.755131229995322,6.750783857062687,6.761848415528672,1000000,pearson_pythonic
151,45,../../DistanceBenchmarking/Generated/1000_cells_1000_genes.csv,pythonic,kendall,5646170.626,0.035016487,5.607868433,5.660531044,5.713153124,5.65152812,5.650120974,5.62537837,5.577968597,5.673322916,5.603756666,5.713127375,5.620497227,5.660891056,5.662455082,5.577884197,5.629008055,5.658769608,5.639357567,5.679351568,5.682272196,5.624817848,5.636641502,5.65204215,5.617099047,5.693114996,5.643307924,5577884.197000001,5713153.124,1000,1000,3.0,3.0,6.7517539982902814,6.74646949359336,6.756875864182562,1000000,kendall_pythonic
152,46,../../DistanceBenchmarking/Generated/10000_cells_100_genes.csv,pandas,pearson,23284764.13,11.96841271,20.96014166,20.83717799,20.85055518,20.73748207,21.48178053,20.78731108,20.74040055,20.80371094,81.91374135,20.82721257,20.79291701,20.86903524,20.85496473,20.79641247,20.81552434,20.9037962,20.83253527,20.83432722,20.86338305,20.76614308,20.74581051,20.77413082,20.7696774,20.77122259,20.78970933,20737482.07,81913741.35,10000,100,4.0,2.0,7.367071842974858,7.316756023533759,7.913356762467264,1000000,pearson_pandas
153,47,../../DistanceBenchmarking/Generated/10000_cells_100_genes.csv,pandas,euclidean,406310297.1,11.90329668,463.591471,400.7577999,404.7601826,406.4229488,405.0436206,402.8604736,404.1248682,405.2262015,405.5439413,402.6436417,401.0097427,400.4309986,402.5949919,401.2317913,401.3163431,402.1828563,402.952059,405.3890703,402.5798569,404.5227382,409.8094995,407.705615,405.6040835,403.9626882,405.4899447,400430998.6,463591471.0,10000,100,4.0,2.0,8.60885782876757,8.602527690185466,8.666135437361211,1000000,euclidean_pandas
154,48,../../DistanceBenchmarking/Generated/10000_cells_100_genes.csv,pythonic,euclidean,486688074.2,11.0021169,477.88555,474.3785565,483.4000998,484.0492728,481.2554758,478.276325,477.4498761,478.7296472,474.9527404,487.5322034,488.016525,479.2663109,481.8488023,481.661212,481.4417565,484.0579255,487.6017158,477.4897151,478.2467487,496.8028724,508.8639786,504.3971798,504.4968977,507.6406484,507.4598196,474378556.5,508863978.6,10000,100,4.0,2.0,8.687250704425983,8.67612504923436,8.706601709177605,1000000,euclidean_pythonic
155,49,../../DistanceBenchmarking/Generated/10000_cells_100_genes.csv,pythonic,pearson,456476282.09999996,6.024167381,457.2027657,466.7655592,471.4878411,474.1480525,454.2073147,453.0180554,457.8240223,461.9262562,459.9877248,451.8245251,450.4082291,455.2031703,453.3848202,451.6620986,451.6996124,452.7110932,453.459841,456.8682973,454.5764093,453.0189247,451.5896685,454.8863788,456.4596169,455.6436665,451.9431086,450408229.1,474148052.5,10000,100,4.0,2.0,8.659418217093343,8.653606316612546,8.67591397109216,1000000,pearson_pythonic
156,50,../../DistanceBenchmarking/Generated/10000_cells_100_genes.csv,pythonic,kendall,471142870.9,14.17986884,491.1681309,502.1102366,490.4388163,480.3964372,477.8611841,485.3488209,471.6421244,473.5670598,474.1282325,473.3909523,476.0907347,469.4042866,477.115721,473.6246827,480.0441074,474.5992923,474.6736512,469.0701807,448.360069,447.9488273,453.3628397,456.5209887,445.9711771,449.6553926,462.0778255,445971177.09999996,502110236.6,10000,100,4.0,2.0,8.673152623975431,8.649306791378246,8.700799075494194,1000000,kendall_pythonic
