,DataFile,method,size,metric,mean,sd,val_1,val_2,val_3,val_4,val_5,val_6,val_7,val_8,val_9,val_10,val_11,val_12,val_13,val_14,val_15,val_16,val_17,val_18,val_19,val_20,val_21,val_22,val_23,val_24,val_25,minTime,maxTime,wX,wY,sparsity,logWX,logWY,logMeanTime,logMinTime,logMaxTime,|W|,Method
0,../../DistanceBenchmarking/GeneratedSparse/1000_cells_1000_genes/0.99.mtx,CPU,100,pearson,63733.76,71064.4033431515,48275.75,111486.5,232284.5,25476.25,22854.75,27277.0,27508.25,201066.5,29544.25,188173.5,28039.75,24941.25,25063.75,29349.0,24857.0,192490.75,22596.0,27228.0,21828.75,24143.25,172954.25,19627.75,23003.25,19198.0,24076.0,19198.0,232284.5,1000,1000,0.99,3.0,3.0,4.804369540621445,4.283255987338656,5.366020230940752,1000000,pearson_CPU
1,../../DistanceBenchmarking/GeneratedSparse/1000_cells_1000_genes/0.95.mtx,CPU,100,pearson,69958.54,68762.2098136139,52124.5,105856.0,183093.75,30898.0,29689.75,34486.75,34382.25,218858.75,31287.5,33426.0,35932.5,204788.75,35464.5,35327.0,36873.25,33507.75,35010.25,196262.25,34531.5,30365.75,202000.5,26576.75,29534.25,30431.75,28253.5,26576.75,218858.75,1000,1000,0.95,3.0,3.0,4.8448407373909745,4.424501871137776,5.3401639144435435,1000000,pearson_CPU
2,../../DistanceBenchmarking/GeneratedSparse/1000_cells_1000_genes/0.99.mtx,CPU,100,euclidean,78617.51,83687.2761994605,59445.5,120257.0,227736.0,36190.75,31586.25,36689.25,37156.75,254590.75,36808.25,272639.0,37607.0,32401.0,32551.75,35442.25,32789.25,233408.75,31313.5,36028.25,31142.75,34822.75,197362.75,27777.5,30962.5,27948.25,30780.0,27777.5,272639.0,1000,1000,0.99,3.0,3.0,4.895519284582202,4.443693156266179,5.435587980160849,1000000,euclidean_CPU
3,../../DistanceBenchmarking/GeneratedSparse/1000_cells_1000_genes/0.9.mtx,CPU,100,pearson,94485.25,77816.6288937025,68882.25,105098.25,205589.25,55631.0,250427.0,45938.25,237167.0,43257.5,44830.0,46193.5,44582.0,48594.0,238213.25,42752.5,48498.25,220957.0,40184.5,50083.0,41421.0,170006.25,35861.25,41369.0,38466.75,38500.75,159627.75,35861.25,250427.0,1000,1000,0.9,3.0,3.0,4.975364016513633,4.554625423503939,5.3986811508916945,1000000,pearson_CPU
4,../../DistanceBenchmarking/GeneratedSparse/1000_cells_1000_genes/0.95.mtx,CPU,100,euclidean,138529.03,73703.19702372,130814.75,239827.75,285802.25,96348.75,95031.5,103442.75,101719.0,286287.0,95073.0,98094.25,100673.0,263170.75,102445.0,98176.0,92397.0,94759.0,98020.25,260168.5,101671.25,94674.0,258022.75,88479.0,91116.0,94088.75,92923.5,88479.0,286287.0,1000,1000,0.95,3.0,3.0,5.141540793239477,4.946840205541363,5.456801627600892,1000000,euclidean_CPU
5,../../DistanceBenchmarking/GeneratedSparse/1000_cells_1000_genes/0.75.mtx,CPU,100,pearson,161324.75,97042.7853162052,414857.25,311513.5,312786.25,290597.0,105701.25,102521.0,104688.75,107715.75,112399.0,103111.25,109380.0,278059.0,99971.0,100334.5,266043.75,98297.0,103103.0,103819.75,114024.25,112605.5,285689.5,103428.75,95107.75,100301.75,97062.25,95107.75,414857.25,1000,1000,0.75,3.0,3.0,5.207701000766892,4.978215907527299,5.617898684176616,1000000,pearson_CPU
6,../../DistanceBenchmarking/GeneratedSparse/1000_cells_1000_genes/0.9.mtx,CPU,100,euclidean,214924.17,71496.2200713669,194557.75,228138.25,349827.0,180574.75,394664.5,172748.25,357260.75,166669.5,166273.5,168996.0,167378.5,170568.0,284475.75,167621.75,170092.25,274088.5,165957.75,171952.0,164505.75,272869.5,173535.0,177182.75,166107.75,168749.25,298309.5,164505.75,394664.5,1000,1000,0.9,3.0,3.0,5.3322852582433,5.216181082526893,5.596228063442677,1000000,euclidean_CPU
7,../../DistanceBenchmarking/GeneratedSparse/1000_cells_1000_genes/0.5.mtx,CPU,100,pearson,383282.37,131656.516743126,853459.75,517742.5,472182.5,297051.75,438945.75,450930.5,276633.5,278037.0,450469.5,473712.75,284638.5,275235.75,430359.25,288045.5,272167.0,435595.5,280402.25,424663.75,272800.25,270269.0,426266.75,269006.25,440757.0,269487.75,433199.25,269006.25,853459.75,1000,1000,0.5,3.0,3.0,5.583518843288254,5.429762370370362,5.931183044179416,1000000,pearson_CPU
8,../../DistanceBenchmarking/GeneratedSparse/1000_cells_1000_genes/0.75.mtx,CPU,100,euclidean,486547.65,97556.9424201568,790030.5,627500.5,606135.5,584774.0,431842.25,428900.75,427304.0,453424.0,443149.5,429592.75,434484.0,622926.75,430341.5,428205.5,579387.5,435955.75,433183.5,424614.5,436468.75,436902.25,585172.75,427234.25,419326.75,425001.75,421832.0,419326.75,790030.5,1000,1000,0.75,3.0,3.0,5.687125379277938,5.622552568119835,5.897643858032223,1000000,euclidean_CPU
9,../../DistanceBenchmarking/GeneratedSparse/1000_cells_1000_genes/0.5.mtx,CPU,100,euclidean,969208.78,124184.852833058,1417367.25,1074575.0,1051421.5,880211.5,1056508.75,1028429.25,852541.25,878628.0,1008569.0,1015757.25,858751.5,868153.5,1033556.75,882719.25,884570.25,1039389.25,859792.25,1016935.5,864374.5,888697.5,1008973.5,868436.75,1021980.5,857087.25,1012792.5,852541.25,1417367.25,1000,1000,0.5,3.0,3.0,5.986417339729067,5.9307154014052665,6.151482393637433,1000000,euclidean_CPU
10,../../DistanceBenchmarking/GeneratedSparse/1000_cells_1000_genes/0.99.mtx,CPU,100,euclidean,55168.61,43028.9185154565,54510.0,78490.25,141261.0,30863.25,29559.75,34182.0,32498.75,133584.75,35062.0,139053.0,35063.0,30435.5,31254.25,32913.0,30252.5,135434.75,29250.75,34359.5,29508.5,32068.25,135253.75,27281.25,29722.0,27529.5,29824.0,27281.25,141261.0,1000,1000,0.99,3.0,3.0,4.741692041834582,4.435864265385664,5.150022276337807,1000000,euclidean_CPU
11,../../DistanceBenchmarking/GeneratedSparse/1000_cells_1000_genes/0.95.mtx,CPU,100,pearson,57861.52,48601.0629943613,47283.25,180145.0,35124.0,130181.25,28328.0,30688.25,129605.25,28316.75,32760.75,35719.75,29572.5,28514.5,29324.5,31347.5,132866.0,32348.0,38196.0,28157.5,28815.5,30812.75,133104.0,23977.25,30580.0,139038.75,31731.0,23977.25,180145.0,1000,1000,0.95,3.0,3.0,4.762389838211753,4.3797993714937915,5.2556222126004455,1000000,pearson_CPU
12,../../DistanceBenchmarking/GeneratedSparse/1000_cells_1000_genes/0.99.mtx,CPU,100,pearson,52414.66,53858.3481365644,41903.0,80397.5,159402.0,22781.75,21265.25,25525.75,25161.75,162463.75,27103.0,149065.0,26073.0,22439.0,22481.75,24983.0,22232.75,153682.5,21095.0,25674.5,21346.0,23783.0,151319.75,18660.25,21998.25,18389.5,21139.5,18389.5,162463.75,1000,1000,0.99,3.0,3.0,4.7194527729885705,4.264569921179731,5.210756473430587,1000000,pearson_CPU
13,../../DistanceBenchmarking/GeneratedSparse/1000_cells_1000_genes/0.9.mtx,CPU,100,pearson,75447.24,52491.0103888573,60340.25,86884.5,155113.25,46495.25,155924.75,41944.75,166096.0,37631.75,39795.25,40328.0,40622.25,45183.25,161945.5,40816.0,42555.75,163397.5,38141.5,44699.0,38940.75,145343.25,34703.0,39846.5,36967.75,37642.5,144822.75,34703.0,166096.0,1000,1000,0.9,3.0,3.0,4.877643357104395,4.540367020241258,5.220359173698563,1000000,pearson_CPU
14,../../DistanceBenchmarking/GeneratedSparse/1000_cells_1000_genes/0.95.mtx,CPU,100,euclidean,119921.79,51959.4201078712,113262.5,251193.0,94759.25,201039.5,88980.25,90076.75,196239.25,88121.5,90915.75,94038.25,99936.25,89635.5,89078.0,90682.0,198834.5,88625.75,95787.0,88316.75,88353.75,90069.75,198728.25,84269.0,90425.5,204662.0,92014.75,84269.0,251193.0,1000,1000,0.95,3.0,3.0,5.078898102339562,4.925667840283425,5.400007532741386,1000000,euclidean_CPU
15,../../DistanceBenchmarking/GeneratedSparse/1000_cells_1000_genes/0.75.mtx,CPU,100,pearson,125719.55,57724.0681921418,266714.5,206979.75,214660.75,206072.25,90039.25,88987.25,90749.0,92634.0,93162.5,87297.75,95459.75,201850.0,88792.0,91250.5,194626.5,88150.5,92033.25,91208.75,98029.5,97911.5,209469.75,91710.25,86806.5,90230.5,88162.5,86806.5,266714.5,1000,1000,0.75,3.0,3.0,5.099402817836581,4.938552246011065,5.42604662685901,1000000,pearson_CPU
16,../../DistanceBenchmarking/GeneratedSparse/1000_cells_1000_genes/0.9.mtx,CPU,100,euclidean,206273.17,57666.8716883121,196006.0,223406.75,310814.75,172833.25,302681.75,169823.25,285875.0,164498.0,163292.25,167162.75,166312.5,169014.25,292345.25,165202.5,167572.0,286615.5,163397.0,171092.75,164112.0,281245.25,160090.5,178985.25,165515.75,168712.5,300222.5,160090.5,310814.75,1000,1000,0.9,3.0,3.0,5.314442742860628,5.204365561026164,5.492501620462236,1000000,euclidean_CPU
17,../../DistanceBenchmarking/GeneratedSparse/1000_cells_1000_genes/0.5.mtx,CPU,100,pearson,320286.03,69815.7357651465,538112.25,367205.5,370876.25,260156.75,363491.75,367711.0,257202.5,263788.0,361657.75,357790.5,251689.5,256468.25,366504.5,272641.75,258517.0,376278.5,256155.75,357084.5,253912.5,257255.25,359927.25,258650.0,359098.75,254728.75,360246.25,251689.5,538112.25,1000,1000,0.5,3.0,3.0,5.505537996340296,5.400865097998987,5.730872878771726,1000000,pearson_CPU
18,../../DistanceBenchmarking/GeneratedSparse/1000_cells_1000_genes/0.75.mtx,CPU,100,euclidean,460564.38,59947.6250602575,592498.5,528373.5,536974.5,531126.5,420009.0,421626.75,428003.0,424831.5,430296.5,423914.0,434228.25,553251.25,421910.5,425752.5,565963.25,419640.5,428912.75,429592.75,431486.75,423325.25,561258.5,424140.25,413860.5,418992.75,424140.0,413860.5,592498.5,1000,1000,0.75,3.0,3.0,5.663290346638118,5.616853978102495,5.772687255201049,1000000,euclidean_CPU
19,../../DistanceBenchmarking/GeneratedSparse/1000_cells_1000_genes/0.5.mtx,CPU,100,euclidean,908046.11,71842.5362331166,1121375.5,949642.75,940103.25,839914.75,954475.0,986562.25,850813.5,844661.75,933681.75,943241.5,842163.0,846454.0,940907.75,840394.75,842685.25,942382.75,850164.0,965753.25,833262.25,843556.5,937343.0,846798.0,958794.75,851782.5,994239.0,833262.25,1121375.5,1000,1000,0.5,3.0,3.0,5.958107902276719,5.9207817070529964,6.049751063327448,1000000,euclidean_CPU
20,../../DistanceBenchmarking/GeneratedSparse/100_cells_10000_genes/0.9.mtx,CPU,100,pearson,2137474.38,44429.1187531659,2133453.5,2249566.25,2169146.0,2148212.25,2146904.25,2147417.0,2033040.25,2136821.0,2031522.0,2041922.25,2160550.75,2144411.5,2137850.25,2147225.5,2134338.5,2150319.75,2134131.0,2149115.0,2142700.25,2148375.25,2162467.0,2153582.25,2142089.5,2150066.25,2141632.0,2031522.0,2249566.25,100,10000,0.9,2.0,4.0,6.329900917930592,6.307821529801425,6.352098787715301,1000000,pearson_CPU
21,../../DistanceBenchmarking/GeneratedSparse/100_cells_10000_genes/0.95.mtx,CPU,100,pearson,3060144.37,159540.046920014,3231680.25,2863323.25,3150173.5,2932061.25,3395267.75,3288209.25,2955849.0,3158198.5,3163379.0,2601949.25,3059065.25,3092106.75,3120256.25,3111926.25,3004479.5,3043133.25,3036797.75,3143996.0,3054547.75,2912203.0,2894707.5,3104195.25,3187792.25,3098006.0,2900305.5,2601949.25,3395267.75,100,10000,0.95,2.0,4.0,6.485741915898356,6.415298821564575,6.530874028325625,1000000,pearson_CPU
22,../../DistanceBenchmarking/GeneratedSparse/100_cells_10000_genes/0.99.mtx,CPU,100,pearson,3147307.76,142431.279242531,3301810.5,3356760.75,3230292.5,3107092.5,3153483.0,3573029.5,3231139.75,3051849.25,2967550.5,2986474.75,3101151.0,3067062.75,3099204.75,3197494.25,3200932.75,3114858.75,3202498.75,3145423.5,3132461.0,3080194.25,3095598.0,3322533.75,3095859.0,2971921.25,2896017.25,2967550.5,3573029.5,100,10000,0.99,2.0,4.0,6.497939212546086,6.4723981182533254,6.5530366018823525,1000000,pearson_CPU
23,../../DistanceBenchmarking/GeneratedSparse/100_cells_10000_genes/0.99.mtx,CPU,100,euclidean,3598897.29,263174.087894214,4099899.25,3771746.0,3571653.25,3651322.75,3930700.75,3879428.25,3393414.0,3841603.5,3453252.25,3501995.5,3553214.5,3831945.5,3949305.75,3724525.0,3754592.0,3480132.0,3450841.75,3474159.0,3662628.75,3849215.75,3396209.75,3163609.25,3221632.25,3198893.25,3166512.25,3163609.25,4099899.25,100,10000,0.99,2.0,4.0,6.556169452370403,6.50018283669398,6.6127731845961595,1000000,euclidean_CPU
24,../../DistanceBenchmarking/GeneratedSparse/100_cells_10000_genes/0.75.mtx,CPU,100,pearson,4635709.49,234551.546814468,4755701.25,5114560.0,4679891.25,4575217.0,4777863.5,4406710.5,4389271.0,4314264.75,5223733.25,4583426.5,4447127.5,4362126.0,4527650.0,4350646.0,4458565.25,4790629.0,4925684.0,4584394.25,4557130.0,4533384.0,4659354.5,4775589.5,4894462.5,4733965.5,4471390.25,4314264.75,5223733.25,100,10000,0.75,2.0,4.0,6.6661162118379,6.6349067925829575,6.7179809915804,1000000,pearson_CPU
25,../../DistanceBenchmarking/GeneratedSparse/100_cells_10000_genes/0.95.mtx,CPU,100,euclidean,6388617.61,794606.695910255,9016810.25,6905445.25,7405438.75,6753799.75,6932818.25,6812534.25,6693337.0,7022874.5,7259100.5,7157880.75,6201365.5,5902930.0,5866655.5,5829846.0,5823856.5,5809591.0,5841675.0,5827211.0,5764747.0,5823477.25,5825873.5,5799582.0,5817161.75,5796954.25,5824474.75,5764747.0,9016810.25,100,10000,0.95,2.0,4.0,6.805406894261913,6.7607802519750395,6.955052930466312,1000000,euclidean_CPU
26,../../DistanceBenchmarking/GeneratedSparse/100_cells_10000_genes/0.9.mtx,CPU,100,euclidean,9606514.01,1318261.32111728,12651239.25,11889193.5,11346941.5,11330657.5,10378290.0,11486649.75,12087176.0,9070985.75,8826248.5,8875352.5,8984229.75,8935728.0,8942553.75,8851270.0,8754086.75,8752713.25,8785346.75,8678685.0,8820937.75,8843604.0,8735234.25,8830761.0,8802262.0,8779742.0,8722961.75,8678685.0,12651239.25,100,10000,0.9,2.0,4.0,6.982565820459759,6.938453925578792,7.10213306883802,1000000,euclidean_CPU
27,../../DistanceBenchmarking/GeneratedSparse/100_cells_10000_genes/0.5.mtx,CPU,100,pearson,10760314.9,517832.656098916,11912967.75,12470287.5,10591517.25,11048944.5,10471108.75,10150000.5,11161878.0,10533291.0,10162660.5,11116674.0,10777274.75,10775414.75,10907220.75,10285324.75,10578774.5,10670547.5,10614081.25,10594515.0,10504674.5,10192219.75,10354642.0,10907262.75,10766565.5,10683233.25,10776791.75,10150000.5,12470287.5,100,10000,0.5,2.0,4.0,7.031824981119516,7.006466063643048,7.095876466166933,1000000,pearson_CPU
28,../../DistanceBenchmarking/GeneratedSparse/100_cells_10000_genes/0.75.mtx,CPU,100,euclidean,14680316.33,972541.874700275,16449603.0,15597195.0,15131506.25,15611919.0,16897551.0,15226035.75,16886638.75,15772655.5,14094470.75,14322083.5,14318873.5,14139806.75,14147085.5,14343289.75,14155512.0,14082284.75,13914405.0,13835357.75,14027916.75,13896065.0,14043336.75,14115768.0,13983658.75,13988324.75,14026564.75,13835357.75,16897551.0,100,10000,0.75,2.0,4.0,7.1667354138152914,7.140990393461947,7.227823765900271,1000000,euclidean_CPU
29,../../DistanceBenchmarking/GeneratedSparse/100_cells_10000_genes/0.5.mtx,CPU,100,euclidean,22275501.12,2019602.50244643,24974247.25,30350479.0,22557030.0,23452258.0,23713224.75,21791115.0,24747096.5,21493600.75,22233479.25,22063048.25,21894210.25,21560704.25,21027128.0,21224444.0,21507401.25,21204627.0,21233221.75,21274616.75,21236512.75,21186849.25,21275459.75,21111205.0,21221701.25,21263104.25,21290763.75,21027128.0,30350479.0,100,10000,0.5,2.0,4.0,7.347827482908812,7.32277995842435,7.482165549625947,1000000,euclidean_CPU
30,../../DistanceBenchmarking/GeneratedSparse/100_cells_10000_genes/0.99.mtx,CPU,100,pearson,2016568.72,68946.1659976282,2076218.25,2159174.5,2030182.75,2050546.25,2070184.5,2045318.25,1870268.25,1970645.0,1865357.75,1854635.5,1996336.75,2031669.75,2020477.25,2049433.0,2080583.75,2024186.75,2017920.0,2038077.0,1995710.75,2034973.25,2066734.0,2047560.25,2038765.25,1990707.75,1988551.5,1854635.5,2159174.5,100,10000,0.99,2.0,4.0,6.304613026347739,6.268258568455981,6.334287742530915,1000000,pearson_CPU
31,../../DistanceBenchmarking/GeneratedSparse/100_cells_10000_genes/0.95.mtx,CPU,100,pearson,2145957.84,59438.9928612418,2216905.0,2284080.5,2149617.25,2137788.25,2170049.0,2190311.25,2022310.25,2151526.75,2040297.0,2039024.25,2193169.0,2137190.75,2151027.0,2255874.0,2176309.75,2117782.0,2138656.0,2151212.5,2129714.5,2117636.5,2157120.75,2162460.75,2106046.25,2119154.75,2133682.0,2022310.25,2284080.5,100,10000,0.95,2.0,4.0,6.33162118546068,6.305847783068541,6.358711406092947,1000000,pearson_CPU
32,../../DistanceBenchmarking/GeneratedSparse/100_cells_10000_genes/0.99.mtx,CPU,100,euclidean,2304330.2,116897.352697115,2766415.0,2446473.75,2341557.25,2298716.75,2303136.5,2344269.5,2164593.5,2317134.5,2176689.0,2181133.0,2303528.25,2350535.25,2310247.0,2273927.75,2273242.25,2309622.0,2318780.75,2319831.0,2305906.75,2331377.0,2267775.5,2262411.5,2279095.25,2198244.25,2163611.75,2164593.5,2766415.0,100,10000,0.99,2.0,4.0,6.362544711627416,6.335376349981488,6.441917330759072,1000000,euclidean_CPU
33,../../DistanceBenchmarking/GeneratedSparse/100_cells_10000_genes/0.9.mtx,CPU,100,pearson,2438259.72,170932.783770836,2697344.25,2661867.5,2527442.25,2525977.5,2509958.5,2534705.25,2283042.0,2561154.25,2319789.0,2323400.25,2461086.75,2473706.75,2535837.25,2462973.25,2485936.75,2523741.0,2527980.75,2554446.0,2488311.5,2436234.75,2082299.75,2389075.0,2377441.25,2317224.75,1895516.75,2082299.75,2697344.25,100,10000,0.9,2.0,4.0,6.387079964184433,6.318543246980819,6.430936377055266,1000000,pearson_CPU
34,../../DistanceBenchmarking/GeneratedSparse/1000_cells_10000_genes/0.99.mtx,CPU,100,pearson,3057091.06,177349.420200165,3082506.25,3381095.75,3189583.25,3165263.5,2645520.75,3121799.0,2858052.25,3111475.5,2858991.5,2932537.5,3136102.75,2987624.75,3137306.75,3164868.5,3006289.0,3233234.25,3298796.75,3127112.5,3071416.75,2721267.5,2768460.5,3025481.5,3062425.25,3179997.25,3160067.25,2645520.75,3381095.75,1000,10000,0.99,3.0,4.0,6.48530837502525,6.4225111722468915,6.529057469821619,10000000,pearson_CPU
35,../../DistanceBenchmarking/GeneratedSparse/10000_cells_100_genes/0.75.mtx,CPU,100,pearson,46819.66,43310.8391962658,48877.25,28964.5,71701.0,29194.0,32397.25,28298.75,161218.0,26599.25,28429.25,27550.75,31338.25,29226.25,28289.25,31312.75,166802.5,24881.75,28089.5,28044.25,30914.0,24793.25,28372.5,32296.0,148024.5,30096.0,24780.75,24793.25,166802.5,10000,100,0.75,4.0,2.0,4.670428255566073,4.394333459585586,5.222202555462801,1000000,pearson_CPU
36,../../DistanceBenchmarking/GeneratedSparse/10000_cells_100_genes/0.75.mtx,CPU,100,euclidean,100734.52,41548.3527323963,103510.5,84902.5,128771.0,84635.25,86174.5,82646.25,213321.25,81009.25,81946.25,83438.5,85709.5,83100.0,82607.25,86184.75,199830.75,79089.5,82964.0,82211.25,86249.75,79431.75,81824.25,84631.25,209641.5,85633.5,78898.75,79089.5,213321.25,10000,100,0.75,4.0,2.0,5.003178321362924,4.898118829961042,5.329034119856666,1000000,euclidean_CPU
37,../../DistanceBenchmarking/GeneratedSparse/10000_cells_100_genes/0.5.mtx,CPU,100,pearson,95616.5,58412.6201026834,240709.5,182820.75,60951.5,181759.5,68603.25,174659.0,171093.75,58266.75,59710.0,64949.5,59139.0,62702.5,172855.25,58896.5,60220.25,59438.25,63247.25,57949.0,60454.25,58229.25,64563.75,59663.0,172476.5,56998.0,60056.25,56998.0,240709.5,10000,100,0.5,4.0,2.0,4.980532842491894,4.755859617002271,5.381493230765937,1000000,pearson_CPU
38,../../DistanceBenchmarking/GeneratedSparse/10000_cells_100_genes/0.95.mtx,CPU,100,euclidean,18116.9,18708.4439400034,38486.5,13249.25,13018.25,13130.5,13217.25,13269.25,12983.75,17861.75,12781.5,12950.0,12712.75,12699.25,12761.5,17585.75,12909.25,12677.0,12670.75,12716.25,12721.75,17312.75,12811.25,12594.0,12645.0,12830.0,104327.25,12594.0,38486.5,10000,100,0.95,4.0,2.0,4.258083887155818,4.100163688966044,4.585308417724856,1000000,euclidean_CPU
39,../../DistanceBenchmarking/GeneratedSparse/10000_cells_100_genes/0.5.mtx,CPU,100,euclidean,197290.18,59565.9473616533,340271.25,288136.75,160366.25,274554.25,166705.0,271116.5,279621.75,158158.75,160443.75,165478.5,159472.5,162884.0,271347.25,157942.75,159481.0,158673.25,161554.25,158701.5,161521.0,159774.0,165272.25,176433.25,295739.75,158858.25,159746.75,157942.75,340271.25,10000,100,0.5,4.0,2.0,5.295105469043632,5.198499695405725,5.531825256489819,1000000,euclidean_CPU
40,../../DistanceBenchmarking/GeneratedSparse/10000_cells_100_genes/0.99.mtx,CPU,100,pearson,3190.61,4233.39583271613,23494.25,2341.5,2065.0,2073.75,2072.5,2084.0,2083.75,2088.75,2207.75,2459.75,2440.0,2420.5,2420.0,2401.5,2469.0,2626.25,2449.0,2609.25,2436.25,2465.5,2399.5,2391.25,2420.0,2434.5,2411.75,2065.0,23494.25,10000,100,0.99,4.0,2.0,3.5038737220251694,3.31492005599242,4.370961585725844,1000000,pearson_CPU
41,../../DistanceBenchmarking/GeneratedSparse/10000_cells_100_genes/0.99.mtx,CPU,100,euclidean,4147.1,4050.86988214671,23576.0,3278.5,3122.25,3080.0,3068.25,3075.5,3061.0,3076.5,3250.0,3466.25,3454.75,3427.75,3415.5,3456.75,3433.5,3551.25,3399.5,3409.0,3412.5,3431.5,3392.5,3397.0,3439.5,3528.0,3474.25,3061.0,23576.0,10000,100,0.99,4.0,2.0,3.6177445077355093,3.4858633295973345,4.372470122841869,1000000,euclidean_CPU
42,../../DistanceBenchmarking/GeneratedSparse/10000_cells_100_genes/0.95.mtx,CPU,100,pearson,11744.66,19762.6165495562,33396.25,6569.25,6693.75,6765.0,6719.25,6683.0,6654.5,11173.75,6093.5,6031.75,6105.25,5947.25,5914.0,10910.75,6191.75,6030.5,6123.5,6152.75,6117.0,10664.25,6157.25,5870.0,5929.5,5912.0,102810.75,5870.0,33396.25,10000,100,0.95,4.0,2.0,4.069840448762738,3.7686381012476144,4.523697703466052,1000000,pearson_CPU
43,../../DistanceBenchmarking/GeneratedSparse/10000_cells_100_genes/0.9.mtx,CPU,100,euclidean,29942.91,9360.69832989683,48500.25,27615.75,28068.75,31398.0,25993.0,26026.0,29699.25,26065.5,26466.25,29127.25,26093.25,69122.0,26002.75,25728.0,30654.75,25547.0,25715.0,29307.5,25862.0,25823.25,28878.75,26112.5,29833.0,25762.75,29170.25,25547.0,69122.0,10000,100,0.9,4.0,2.0,4.476294004942549,4.407339907995509,4.839616295680294,1000000,euclidean_CPU
44,../../DistanceBenchmarking/GeneratedSparse/10000_cells_100_genes/0.9.mtx,CPU,100,pearson,14211.72,11476.4825030273,30362.25,10739.75,11411.75,14314.25,9590.25,9515.5,12985.0,9643.0,9559.5,13139.75,9973.25,65393.0,9910.75,9927.5,14878.5,9623.0,9583.5,13662.5,9867.25,9950.0,14138.5,10224.25,13722.5,9691.5,13486.0,9515.5,65393.0,10000,100,0.9,4.0,2.0,4.1526466424105335,3.978431613593692,4.815531261717549,1000000,pearson_CPU
45,../../DistanceBenchmarking/GeneratedSparse/100_cells_10000_genes/0.75.mtx,CPU,100,pearson,3356116.79,173899.000012934,3612063.0,3635362.25,3471928.75,3378314.25,3425045.0,3484246.25,3304672.5,3380025.75,3338258.25,3308220.75,3439156.0,3576127.5,3422540.5,3391694.0,3351986.5,3211499.75,3087231.25,3106394.5,3062794.25,3087256.5,3457400.75,3013560.5,3506517.0,3483175.75,3367448.25,3013560.5,3635362.25,100,10000,0.75,2.0,4.0,6.525837065496949,6.479079914752797,6.5605476931420945,1000000,pearson_CPU
46,../../DistanceBenchmarking/GeneratedSparse/1000_cells_10000_genes/0.95.mtx,CPU,100,pearson,4113498.63,334487.822181721,4488566.75,5294899.25,4299427.25,4218745.25,4634881.75,3789726.5,3934501.0,4002219.25,4363503.25,4288769.25,3936185.0,3959799.75,4024146.0,4095694.75,3736865.0,3851281.0,4129880.0,4109079.5,3764354.75,3778391.5,4016886.75,3890570.0,4134766.0,4124883.75,3969442.5,3736865.0,5294899.25,1000,10000,0.95,3.0,4.0,6.614211357000536,6.5725074085764,6.723857700876869,10000000,pearson_CPU
47,../../DistanceBenchmarking/GeneratedSparse/10000_cells_1000_genes/0.95.mtx,CPU,100,pearson,158137.28,74680.4123349442,387041.0,207477.5,205191.25,90055.75,198254.25,212258.25,87956.5,93982.25,204632.25,202127.25,87447.5,94508.75,205190.25,96229.75,90915.5,197753.0,94294.0,211056.75,88599.75,93286.5,198456.75,90348.75,219633.0,88353.5,208382.0,87447.5,387041.0,10000,1000,0.95,4.0,3.0,5.199034264554123,4.941747398128881,5.58775697310834,10000000,pearson_CPU
48,../../DistanceBenchmarking/GeneratedSparse/10000_cells_1000_genes/0.99.mtx,CPU,100,euclidean,190607.64,54335.9513179388,180083.0,205266.75,287003.0,161241.25,269533.5,152358.25,277931.0,152648.25,156922.25,157115.0,158176.25,163308.75,285989.0,160088.75,157747.0,285130.0,152895.0,160006.25,155404.0,294060.0,153236.75,158636.0,161494.75,162170.5,156745.75,152358.25,294060.0,10000,1000,0.99,4.0,3.0,5.280140304189737,5.182865975673681,5.468435952896273,10000000,euclidean_CPU
49,../../DistanceBenchmarking/GeneratedSparse/10000_cells_1000_genes/0.99.mtx,CPU,100,pearson,60803.73,49492.1423297174,50369.0,76026.25,148157.75,35177.25,145514.25,32349.75,152781.25,29852.75,30026.5,32324.25,32373.5,36076.25,142751.75,30690.5,31758.0,139430.25,27089.5,32909.25,25506.25,142980.75,25735.0,31512.0,29557.25,28827.75,30316.25,25506.25,152781.25,10000,1000,0.99,4.0,3.0,4.783930221850524,4.406646612117346,5.18407005894393,10000000,pearson_CPU
50,../../DistanceBenchmarking/GeneratedSparse/10000_cells_1000_genes/0.9.mtx,CPU,100,pearson,278637.56,103096.591671589,626737.5,473745.25,208051.25,328624.5,202254.0,333230.0,199915.0,320510.25,203444.0,325894.75,197120.0,324622.0,200906.25,315685.5,199237.25,204617.25,318921.0,202890.0,209399.25,203142.0,318207.25,326043.0,199768.75,321843.75,201129.25,197120.0,626737.5,10000,1000,0.9,4.0,3.0,5.44503965839543,5.294730690484331,5.797085680906824,10000000,pearson_CPU
51,../../DistanceBenchmarking/GeneratedSparse/10000_cells_1000_genes/0.95.mtx,CPU,100,euclidean,804514.56,81388.2394298528,1036008.25,837626.25,854194.25,719365.75,856636.25,879127.75,724389.25,745853.75,831979.0,873152.75,737210.5,736363.75,868868.25,739317.0,740187.0,880221.25,721804.0,854564.0,710506.0,725447.5,844137.0,745809.75,885571.5,725189.25,839334.0,710506.0,1036008.25,10000,1000,0.95,4.0,3.0,5.90553390831129,5.851567749759462,6.015363213821579,10000000,euclidean_CPU
52,../../DistanceBenchmarking/GeneratedSparse/10000_cells_1000_genes/0.75.mtx,CPU,100,pearson,853117.57,80689.8289450399,1202811.5,951903.75,845827.5,853521.25,828975.25,833720.75,825416.0,824882.75,858235.25,832043.0,840352.5,831583.25,847516.0,834210.25,856449.5,722258.0,846676.0,835446.25,838013.0,847587.5,835679.25,827264.5,829193.5,823821.75,854551.0,722258.0,1202811.5,10000,1000,0.75,4.0,3.0,5.931008886365332,5.858692360951144,6.080197571708714,10000000,pearson_CPU
53,../../DistanceBenchmarking/GeneratedSparse/100000_cells_10_genes/0.5.mtx,CPU,100,euclidean,94916.95,57820.7160726694,231091.0,177964.75,60108.25,176623.75,62898.0,175573.5,65358.25,58033.75,66880.5,60773.0,179702.5,59804.25,61761.25,172263.0,54925.0,57591.0,60881.0,58445.0,58372.5,61140.0,58241.25,60021.75,58029.0,60244.0,176197.5,54925.0,231091.0,100000,10,0.5,5.0,1.0,4.977343774430979,4.739770065592548,5.363783031907285,1000000,euclidean_CPU
54,../../DistanceBenchmarking/GeneratedSparse/100000_cells_10_genes/0.5.mtx,CPU,100,pearson,79577.66,57151.8479328534,214918.75,161285.0,44079.5,162008.25,46400.5,152692.5,50154.5,42110.75,53684.25,46465.75,166952.75,45748.0,46767.75,157114.25,40477.25,42546.75,45780.5,43165.75,42250.25,46848.0,43523.25,45367.25,43800.75,46320.25,158979.0,40477.25,214918.75,100000,10,0.5,5.0,1.0,4.900791164465697,4.607210999128317,5.33227430598152,1000000,pearson_CPU
55,../../DistanceBenchmarking/GeneratedSparse/100000_cells_10_genes/0.75.mtx,CPU,100,pearson,43098.59,38330.0740112475,48311.5,70779.25,28292.75,30442.25,147113.25,23777.75,27246.25,25856.5,142771.0,22524.75,27561.5,26059.75,29766.75,26001.5,29425.5,29035.25,134077.25,26469.5,26449.5,26071.25,26175.75,26255.75,25371.25,25875.5,25753.5,22524.75,147113.25,100000,10,0.75,5.0,1.0,4.634463062150611,4.352659979485818,5.1676517899453245,1000000,pearson_CPU
56,../../DistanceBenchmarking/GeneratedSparse/100000_cells_10_genes/0.75.mtx,CPU,100,euclidean,50720.6,38153.7073848444,57138.0,79144.25,37369.75,38763.0,152820.25,32205.25,34746.0,33245.25,150617.75,30427.75,34660.0,33702.5,37270.5,33079.75,36972.25,36141.0,141489.75,34329.0,34177.75,34158.5,33347.0,32929.5,33061.75,32806.5,33412.0,30427.75,152820.25,100000,10,0.75,5.0,1.0,4.705184382396308,4.483269839354163,5.184180905814028,1000000,euclidean_CPU
57,../../DistanceBenchmarking/GeneratedSparse/100000_cells_10_genes/0.95.mtx,CPU,100,euclidean,13094.86,9174.28933444348,31566.75,11056.75,11422.25,11534.5,11426.75,11345.75,13561.25,9841.75,9714.75,9740.0,10020.0,13447.25,9823.0,9735.5,9768.0,9699.0,13181.25,9858.0,9758.5,9812.5,51828.25,9973.0,9731.0,9729.5,9796.25,9699.0,51828.25,100000,10,0.95,5.0,1.0,4.117100859649186,3.9867269593312185,4.7145665449735406,1000000,euclidean_CPU
58,../../DistanceBenchmarking/GeneratedSparse/100_cells_10000_genes/0.95.mtx,CPU,100,euclidean,5038114.55,180005.058680551,5617717.75,5226469.0,5082330.25,5223657.0,5151377.0,5114270.0,4963825.75,5124026.75,4922366.5,4904832.75,5143819.75,5151290.0,5172002.0,5084829.0,5121368.25,5087899.5,4909342.5,4846108.5,4927726.25,4822721.75,4879117.0,4835237.25,4865038.25,4890110.5,4885380.5,4822721.75,5617717.75,100,10000,0.95,2.0,4.0,6.702268037689157,6.683292205748223,6.7495599152328,1000000,euclidean_CPU
59,../../DistanceBenchmarking/GeneratedSparse/100000_cells_10_genes/0.99.mtx,CPU,100,pearson,5007.56,4204.78270611277,24848.25,4011.75,3779.5,3741.0,4153.25,4117.25,4533.75,4253.25,4255.5,4288.5,4270.25,4265.75,4347.0,4297.25,4271.0,7677.0,3974.25,3742.5,3718.0,3746.0,3733.25,3775.25,3772.0,3805.25,3812.25,3718.0,24848.25,100000,10,0.99,5.0,1.0,3.699626161662629,3.5703093854358796,4.395295807873951,1000000,pearson_CPU
60,../../DistanceBenchmarking/GeneratedSparse/100000_cells_10_genes/0.99.mtx,CPU,100,euclidean,5270.71,4186.86638781022,25019.75,4221.5,4040.25,3994.0,4591.5,4614.25,4618.5,4531.25,4509.5,4528.75,4582.0,4541.5,4544.0,4533.75,4542.5,7964.0,4195.25,4001.25,3993.25,3986.75,4003.25,4019.5,4085.0,4041.5,4065.0,3986.75,25019.75,100000,10,0.99,5.0,1.0,3.721869121533775,3.600619002899764,4.398282965862481,1000000,euclidean_CPU
61,../../DistanceBenchmarking/GeneratedSparse/100000_cells_10_genes/0.95.mtx,CPU,100,pearson,11858.65,9124.60813770469,29394.25,9605.0,9930.5,9948.25,9891.0,10493.0,12627.75,8633.5,8562.75,8553.75,8565.25,11891.75,8605.75,8603.25,8609.25,8590.0,12223.0,8832.0,8609.5,8913.0,50802.25,8717.25,8474.0,8649.0,8741.25,8474.0,50802.25,100000,10,0.95,5.0,1.0,4.074035251345138,3.9280884596649708,4.705882947341892,1000000,pearson_CPU
62,../../DistanceBenchmarking/GeneratedSparse/100000_cells_10_genes/0.9.mtx,CPU,100,pearson,17097.24,9356.93884835607,35961.5,14656.5,15879.0,17848.75,12561.0,16095.25,12567.75,16081.0,12647.25,56070.5,12900.25,12607.75,16554.0,12630.5,12635.25,16051.75,12962.25,16184.5,12853.75,16251.75,16330.75,16757.0,12690.0,12655.25,16997.75,12561.0,56070.5,100000,10,0.9,5.0,1.0,4.232926008081403,4.099024215610893,4.748734428869544,1000000,pearson_CPU
63,../../DistanceBenchmarking/GeneratedSparse/100000_cells_10_genes/0.9.mtx,CPU,100,euclidean,20166.58,10325.6312361824,38583.0,17331.75,18253.25,20161.5,15448.25,19065.5,15225.75,19110.25,15465.25,64472.25,15520.75,15346.0,19167.0,15765.25,15637.75,19347.0,15658.5,19585.25,15513.0,19121.75,19380.5,19430.25,15379.5,15703.0,20492.25,15225.75,64472.25,100000,10,0.9,5.0,1.0,4.304632253539287,4.182578694594832,4.809372826803834,1000000,euclidean_CPU
64,../../DistanceBenchmarking/GeneratedSparse/100000_cells_100_genes/0.75.mtx,CPU,100,pearson,381240.27,93739.4210334536,763507.0,373869.5,372660.0,375558.5,374199.25,374326.5,427891.75,391935.0,393829.75,257382.75,381714.0,388430.75,398417.75,384938.75,259067.0,374770.75,391123.25,386928.0,407995.0,391090.25,255248.25,384681.25,390434.0,369494.25,261513.5,255248.25,763507.0,100000,100,0.75,5.0,2.0,5.581198768448659,5.4069627732155645,5.882813023117964,10000000,pearson_CPU
65,../../DistanceBenchmarking/GeneratedSparse/10000_cells_1000_genes/0.9.mtx,CPU,100,euclidean,1588435.3,113051.7599781,1928279.5,1759739.5,1502914.0,1654091.75,1485694.0,1670858.75,1486269.0,1687373.5,1488625.5,1640352.0,1482717.5,1630492.5,1514529.75,1627437.0,1499954.75,1494027.25,1653092.0,1499785.5,1504281.25,1504184.0,1702746.0,1638183.75,1499097.5,1659969.75,1496186.5,1482717.5,1928279.5,10000,1000,0.9,4.0,3.0,6.200969529880679,6.1710584134166515,6.28516998418818,10000000,euclidean_CPU
66,../../DistanceBenchmarking/GeneratedSparse/100_cells_10000_genes/0.5.mtx,CPU,100,pearson,5973939.0,284140.06858381,6365946.25,6287894.0,6291712.25,6245574.25,6235647.25,6333934.5,6126744.25,6246642.75,5786476.75,5784554.75,5923766.25,5916974.0,6277295.5,6213059.75,6002327.25,6051850.75,5654636.5,6038609.5,5663330.5,5666556.5,5657429.25,5426025.75,5840410.75,5834313.75,5476762.0,5426025.75,6365946.25,100,10000,0.5,2.0,4.0,6.776260783701881,6.734481850438547,6.803862967394166,1000000,pearson_CPU
67,../../DistanceBenchmarking/GeneratedSparse/100000_cells_100_genes/0.95.mtx,CPU,100,pearson,111581.0,69671.325746396,241611.75,193391.25,50346.5,183351.75,52360.25,182793.0,56507.5,48719.0,53606.75,55387.75,199907.25,50967.75,178885.0,185722.75,51856.75,54238.5,184284.75,51476.75,165647.25,50379.25,172978.75,170119.75,48330.0,55092.5,51562.5,48330.0,241611.75,100000,100,0.95,5.0,2.0,5.047590249282056,4.68421679513888,5.383118050959348,10000000,pearson_CPU
68,../../DistanceBenchmarking/GeneratedSparse/100000_cells_100_genes/0.95.mtx,CPU,100,euclidean,175365.42,64060.2412934221,294070.75,253304.0,117551.0,240405.0,120158.25,261588.5,124763.5,115591.0,120231.5,118558.0,241219.0,118543.0,226440.25,230735.5,118524.5,124436.75,235270.0,118796.5,241048.5,119987.25,229081.75,238690.0,117606.0,134243.5,123291.5,115591.0,294070.75,100000,100,0.95,5.0,2.0,5.243943959704116,5.062924020914109,5.468451829181201,10000000,euclidean_CPU
69,../../DistanceBenchmarking/GeneratedSparse/100000_cells_100_genes/0.5.mtx,CPU,100,pearson,767915.12,131538.038123347,1267383.25,891366.0,855951.0,851655.25,742280.25,744483.75,731702.5,806203.5,858294.0,885651.75,727478.75,721324.0,762127.0,616890.5,771297.0,610304.25,716938.0,740815.0,756599.0,629173.0,726018.75,724854.0,709183.5,600069.0,749835.0,600069.0,1267383.25,100000,100,0.5,5.0,2.0,5.885313218790842,5.77820119137751,6.102907963101165,10000000,pearson_CPU
70,../../DistanceBenchmarking/GeneratedSparse/100000_cells_100_genes/0.99.mtx,CPU,100,euclidean,28973.47,9057.22127162216,46446.5,25926.75,26177.0,28925.75,24665.75,27931.75,24551.75,28096.25,67166.0,24422.25,24419.25,28156.75,24889.5,28341.0,24309.0,28082.0,24260.25,27583.75,27669.75,29803.75,26039.0,26369.0,28316.0,24365.25,27422.75,24260.25,67166.0,100000,100,0.99,5.0,2.0,4.46200051148287,4.384895271924662,4.827149485120868,10000000,euclidean_CPU
71,../../DistanceBenchmarking/GeneratedSparse/100000_cells_100_genes/0.99.mtx,CPU,100,pearson,18158.02,8657.34490997144,35332.0,15713.5,15674.25,18224.75,14173.25,17291.0,13755.5,17158.25,54468.25,14164.5,13953.5,17186.75,13900.5,17195.0,14060.25,17191.25,14155.25,17210.25,17267.5,17805.5,13999.25,14826.75,17951.25,13912.75,17379.5,13755.5,54468.25,100000,100,0.99,5.0,2.0,4.259068490112624,4.138476381224747,4.736143422132828,10000000,pearson_CPU
72,../../DistanceBenchmarking/GeneratedSparse/100000_cells_100_genes/0.75.mtx,CPU,100,euclidean,947990.39,106945.753116238,1392737.5,947136.5,925528.75,980090.5,960921.5,948829.0,952526.5,971321.0,952990.25,813255.5,954586.25,961612.75,974830.75,969975.75,813699.75,955120.0,941431.25,970505.75,934170.5,950725.0,811130.5,931807.5,939224.5,925755.25,819847.25,811130.5,1392737.5,100000,100,0.75,5.0,2.0,5.976803934815782,5.909090731979943,6.143869269299576,10000000,euclidean_CPU
73,../../DistanceBenchmarking/GeneratedSparse/100000_cells_100_genes/0.9.mtx,CPU,100,pearson,151821.66,94218.2084609058,522441.25,201163.0,197792.25,206646.75,90329.25,92546.25,208825.75,93818.25,207283.75,98891.5,97650.25,95107.5,210251.75,92568.0,97186.25,94823.75,205917.0,92480.75,92102.75,96189.75,211168.75,98055.0,204595.25,91271.25,96435.5,90329.25,522441.25,100000,100,0.9,5.0,2.0,5.181333735639982,4.9558284043183995,5.718037459882874,10000000,pearson_CPU
74,../../DistanceBenchmarking/GeneratedSparse/100000_cells_100_genes/0.9.mtx,CPU,100,euclidean,318485.08,97168.3573295254,688793.25,367328.25,373116.25,376798.5,253997.0,254830.0,372702.25,255594.0,375773.0,260107.5,259403.5,271005.5,400020.0,254345.0,260012.75,259330.75,368402.5,258183.25,253857.5,257149.25,376990.25,258685.75,397030.25,251512.5,257158.25,251512.5,688793.25,100000,100,0.9,5.0,2.0,5.50308909185051,5.40055957406837,5.838088882490144,10000000,euclidean_CPU
75,../../DistanceBenchmarking/GeneratedSparse/10000_cells_1000_genes/0.5.mtx,CPU,100,pearson,2964472.92,395956.204892956,3514572.25,3142321.75,2906194.5,2881593.0,2650434.0,2919005.5,2942040.25,2860445.5,2741037.0,4240512.0,2852699.0,2686544.25,2909648.25,2923214.25,2610064.5,2702376.25,2983382.75,4001844.0,2701666.25,2908583.0,2884238.25,2873372.5,2693853.25,2645305.25,2936875.5,2610064.5,4240512.0,10000,1000,0.5,4.0,3.0,6.4719474874864185,6.4166512397704505,6.62741829653386,10000000,pearson_CPU
76,../../DistanceBenchmarking/GeneratedSparse/100_cells_10000_genes/0.9.mtx,CPU,100,euclidean,7069206.3,659274.197368583,8639329.25,8172168.0,8011141.25,8092291.75,8045657.25,7917664.25,7454882.5,6852612.5,6582712.75,6504603.0,6494387.75,6536381.0,6630558.0,6755921.75,6733088.25,6699023.5,6713623.5,6585182.5,6721742.5,7065141.75,6914708.0,6734280.25,6753740.75,6562472.0,6556843.5,6494387.75,8639329.25,100,10000,0.9,2.0,4.0,6.849370655822324,6.812538214788617,6.9364800255423535,1000000,euclidean_CPU
77,../../DistanceBenchmarking/GeneratedSparse/100000_cells_100_genes/0.5.mtx,CPU,100,euclidean,1766332.7,131813.611342735,2261139.0,1885335.0,1888439.5,1894221.5,1757682.5,1728024.25,1759120.5,1767078.25,1869478.5,1842451.75,1764631.75,1724580.0,1746441.0,1617113.0,1728046.0,1609655.0,1739674.75,1714766.5,1743395.25,1619353.75,1711199.25,1719372.25,1706834.75,1612526.0,1747757.5,1609655.0,2261139.0,100000,100,0.5,5.0,2.0,6.247072509074783,6.206732802956113,6.354327260743177,10000000,euclidean_CPU
78,../../DistanceBenchmarking/GeneratedSparse/10000_cells_1000_genes/0.75.mtx,CPU,100,euclidean,4201077.61,114965.593568252,4653624.5,4387619.25,4254501.0,4229849.5,4230319.0,4223851.25,4244426.5,4203812.25,4220257.75,4185055.25,4213489.25,4165639.5,4187732.25,4184435.5,4155049.0,4021251.0,4150115.25,4137638.25,4131456.25,4161675.75,4135885.5,4129076.5,4137123.5,4148151.75,4134904.75,4021251.0,4653624.5,10000,1000,0.75,4.0,3.0,6.623360704695194,6.6043611819098835,6.667791337232377,10000000,euclidean_CPU
79,../../DistanceBenchmarking/GeneratedSparse/1000_cells_10000_genes/0.9.mtx,CPU,100,pearson,9682608.53,999054.902327677,8409367.75,8354638.25,7911415.5,10168358.0,9698876.75,11148602.25,10319182.5,9537851.0,8147503.75,8439987.0,8606099.0,8800173.5,9663210.0,10318417.75,9615528.25,9416910.25,9727458.5,9906787.5,9951695.25,10012633.0,10113361.25,11492932.75,11530293.0,10703838.0,10070092.5,7911415.5,11530293.0,1000,10000,0.9,3.0,4.0,6.98599237358644,6.8982541938442345,7.061840343432289,10000000,pearson_CPU
80,../../DistanceBenchmarking/GeneratedSparse/1000_cells_10000_genes/0.99.mtx,CPU,100,euclidean,11118940.79,1511719.48782704,12370986.75,12262429.75,14708711.0,15520241.25,13242375.0,11486941.0,11517598.25,11270912.5,10418215.5,11463116.5,10498794.25,10888954.25,10750896.75,10850880.75,10665832.5,10419724.25,10294775.75,10302230.0,10215919.5,10205331.0,10093862.0,9681978.5,9711400.0,9463632.75,9667780.0,9463632.75,15520241.25,1000,10000,0.99,3.0,4.0,7.046063417554661,6.976057878519372,7.1908984677423655,10000000,euclidean_CPU
81,../../DistanceBenchmarking/GeneratedSparse/100_cells_10000_genes/0.75.mtx,CPU,100,euclidean,11676480.98,839276.864359999,12949527.0,13208602.75,12936277.5,12424824.5,12918403.0,13057279.75,12357703.25,12243757.75,11992842.5,12035210.5,11522132.5,11462147.0,11096703.25,11027443.5,11011061.0,10955329.75,10948202.75,10952651.0,11039077.25,10969253.0,10974199.0,10887444.5,10972689.25,10924181.0,11045081.25,10887444.5,13208602.75,100,10000,0.75,2.0,4.0,7.067311976231838,7.036925954155313,7.120856878927221,1000000,euclidean_CPU
82,../../DistanceBenchmarking/GeneratedSparse/10000_cells_1000_genes/0.5.mtx,CPU,100,euclidean,8551233.03,121343.041937957,9025009.25,8728510.25,8595217.75,8558329.75,8453110.75,8510331.0,8514659.25,8542683.75,8550203.75,8707039.5,8491333.5,8485024.5,8476924.0,8534437.5,8415619.5,8534557.75,8527917.75,8532308.0,8542599.5,8533854.25,8505543.25,8518070.25,8517285.5,8409553.75,8570701.75,8409553.75,9025009.25,10000,1000,0.5,4.0,3.0,6.932028741572098,6.92477295072603,6.955447655699236,10000000,euclidean_CPU
83,../../DistanceBenchmarking/GeneratedSparse/100_cells_10000_genes/0.5.mtx,CPU,100,euclidean,16928832.98,1011958.2828427,19295023.25,18834401.75,18605790.5,18619292.25,18049250.0,17909467.0,17669293.25,17042826.5,16628812.0,16394970.5,16440424.75,16412651.5,16386881.0,16384955.0,16397816.0,16348289.5,16358330.5,16148871.5,16188418.75,16188494.5,16212908.25,16174659.75,16187257.75,16157610.25,16184128.5,16148871.5,19295023.25,100,10000,0.5,2.0,4.0,7.228627020258049,7.208142178775677,7.285445306221259,1000000,euclidean_CPU
84,../../DistanceBenchmarking/GeneratedSparse/1000_cells_10000_genes/0.75.mtx,CPU,100,pearson,22438770.41,4928453.48989042,22057124.5,22986960.25,29813681.25,28125218.25,32360749.0,30818455.25,29330187.75,33254080.5,19100055.25,19810906.0,22895610.75,19559558.25,18529440.0,18438007.75,18526097.75,17997350.5,19397825.5,19709082.75,19689868.75,19335113.75,19022300.0,20067586.5,19755781.5,19381755.25,21006463.25,17997350.5,33254080.5,1000,10000,0.75,3.0,4.0,7.350999054955657,7.255208574663099,7.521844943771523,10000000,pearson_CPU
85,../../DistanceBenchmarking/GeneratedSparse/1000_cells_10000_genes/0.95.mtx,CPU,100,euclidean,48175992.75,8554826.03027391,45981205.25,41913840.75,52859513.75,51306237.25,74566404.75,49578594.75,63954720.5,47002795.25,65107174.25,57753009.0,42739209.25,44741642.25,43721190.75,42934240.5,46578009.0,46500763.0,45733140.0,41695086.25,42010900.0,44506088.25,42277066.25,41986019.75,41275725.0,44758573.5,42918669.5,41275725.0,74566404.75,1000,10000,0.95,3.0,4.0,7.682830672811759,7.615694710299073,7.87254320390764,10000000,euclidean_CPU
86,../../DistanceBenchmarking/GeneratedSparse/1000_cells_10000_genes/0.9.mtx,CPU,100,euclidean,71347749.48,9993926.06920969,97685414.0,101733446.25,89654807.25,73001381.25,71406018.5,78302316.5,71336639.0,67858115.0,65708473.75,66191869.75,66496703.5,66772761.5,66777101.0,67700440.5,67527827.25,66659664.5,66814511.25,66623294.5,66661566.0,66597661.25,66381548.75,66602462.0,66514660.0,66488230.75,66196823.0,65708473.75,101733446.25,1000,10000,0.9,3.0,4.0,7.853380278728421,7.817621379690118,8.007463756598483,10000000,euclidean_CPU
87,../../DistanceBenchmarking/GeneratedSparse/1000_cells_10000_genes/0.5.mtx,CPU,100,pearson,81571493.53,4065022.25282688,84406140.0,83625455.25,79689248.0,81265781.0,92655994.75,81784838.5,92494209.5,84592272.5,78943362.5,80101544.5,78449470.0,78914221.75,80044136.0,80428024.75,87393804.25,78764782.0,81034493.25,80570050.0,80475947.0,75607744.75,79831766.75,79895989.5,79930001.5,79484561.25,78903499.0,75607744.75,92655994.75,1000,10000,0.5,3.0,4.0,7.911538414077414,7.878566283992153,7.966873522981652,10000000,pearson_CPU
88,../../DistanceBenchmarking/GeneratedSparse/1000_cells_10000_genes/0.75.mtx,CPU,100,euclidean,143658046.84,18157447.3814519,154409838.5,213730821.5,140373326.5,180875573.5,141846720.5,141984950.0,154381413.5,137890913.5,134466803.25,135616469.75,142038704.5,147873627.0,152910126.25,138959320.5,131629872.75,134593491.25,134372095.25,134620432.0,131597681.25,134038022.25,138081393.25,131708740.5,134415934.75,134835003.75,134199895.25,131597681.25,213730821.5,1000,10000,0.75,3.0,4.0,8.1573299575144,8.119248237080356,8.32986715502405,10000000,euclidean_CPU
89,../../DistanceBenchmarking/GeneratedSparse/1000_cells_10000_genes/0.5.mtx,CPU,100,euclidean,198445501.64,10892195.0396713,213987107.75,237527179.0,195103378.0,202213317.0,211087193.0,201339088.75,212796940.0,206220137.25,195955570.0,200363322.25,191059447.75,192057632.75,192101061.25,192252501.75,198151457.75,191657330.5,192444317.75,192364584.25,192275565.0,192672764.0,191668451.0,189977177.25,192028151.5,192014989.0,191818876.5,189977177.25,237527179.0,1000,10000,0.5,3.0,4.0,8.2976412587732,8.278701430480536,8.37571331086354,10000000,euclidean_CPU
