name,method,metric,mean,std,values_0,values_1,values_2,values_3,values_4,values_5,values_6,values_7,values_8,values_9,values_10,values_11,values_12,values_13,values_14,values_15,values_16,values_17,values_18,values_19,values_20,values_21,values_22,values_23,values_24,max,min
DistanceBenchmarking/Real/HLCA/lung.csv,amap,euclidean,24998942.7,3232650.916,28894350.25,21359876.5,22712151.75,22123638.75,23026159.75,21907899.5,24047688.25,22511608.75,27555903.5,18897098.25,28351739,20726793.5,28193485,21104277.25,30057485,24905508.25,26946133.5,23724602.75,29186875.25,29091844.75,24016632,27932813,24687061,28763901.25,24248040.75,,
DistanceBenchmarking/Real/HLCA/lung.csv,amap,pearson,26468861.08,5457040.464,23941645.25,18692943.25,19533291.5,23119165,20009992.5,23143958.25,21823315.5,22022173.5,21203559.75,23767987.5,20018139.5,24518522.5,19774268.5,26185491.5,33132155,32038978.25,31324892.75,31864918.5,31535066,32378247.5,34076240.25,31108823.25,31917892.25,33594922,30994937.25,,
DistanceBenchmarking/Real/HLCA/lung.csv,amap,kendall,26669185.88,1762192.188,24912110.75,20575015,28347021.75,27400907,26285953,27824149,26156291,27266002.75,26315421.5,27387571.75,27867943,28292899.5,28136338,27685815.25,26579733.75,27204208.25,26053863.75,26997422.5,27610332.25,27317827.75,26672638,28000696,24203496.75,28004475.25,23631513.5,,
DistanceBenchmarking/Real/HLCA/Marrow.csv,amap,euclidean,24609721.73,2982866.843,24437832,18258887.5,24656041,25381963.75,19251446.25,23942503,18188627.75,25283020.75,26485234,28795596.25,27547626.25,23245953,26968355.75,26685677.25,27520890.75,25938850.75,21944475.75,27777249,27940940.5,21122316.75,23594126.75,24587559,24079857.5,24140713,27467299,,
DistanceBenchmarking/Real/HLCA/aorta.csv,amap,kendall,26035437.32,1670125.224,25810766.5,22206932.75,24661794,27624690.25,25326055.5,22585813,26418676.75,27322283.5,24465711.25,26075768,28684591.75,27744418.5,25215306.5,28359438,25939762.5,25909262.5,26714334.5,28141558.75,27739266.75,27290513.75,26236525.25,26272048.75,25205766.75,24332210.25,24602437,,
DistanceBenchmarking/Real/HLCA/Marrow.csv,amap,kendall,25678085.6,2730303.7,23735536.75,16789144,28419309.25,24128117.75,20120044,28304628.75,24548035.5,25178346.75,26244532.75,29839637.75,27558690.75,24521454.5,26143646.5,26134602.25,23132712.75,27011548.75,27766109.75,28018507.5,26974918.75,26720690.5,25984504.25,27372437.25,25549155.5,25765825,25990002.75,,
DistanceBenchmarking/Real/HLCA/Marrow.csv,amap,pearson,26057581.88,2875756.137,27242319.75,21413387.25,28483226.75,28249599,25105489.75,27737671.25,25558514.5,25214338,26769262.25,29226658.25,29175456.5,20152677.75,24625087.5,24511282.25,30397728.25,25463622.75,28849415.25,29575482,29665717.75,26312924,23253063.5,27046510.5,22577504.25,21854142.25,22978465.75,,
DistanceBenchmarking/Real/HLCA/aorta.csv,amap,euclidean,28468800.77,2618631.114,19976019.5,22533049.75,25518603.5,27646601.75,26398417.75,29640223.75,27856007.25,29455997.75,27040313.25,30290068.5,28165444.5,28931937.5,31362332.5,29589306.25,30703456.25,30481648.75,30757549.25,29847041.25,29972339.25,29876523,30127240.75,29417641.75,27985646.25,28577369.75,29569239.5,,
DistanceBenchmarking/Real/HLCA/aorta.csv,amap,pearson,29006897.13,1696612.903,26161218,30033404.75,24355055,27929445.5,27757022.75,26137674.25,29204859.25,29645208,29303977.5,30610888,30716404.5,30526076.25,29419171.5,27994601.5,29625012.75,27354412.5,31919047.5,30632262.5,29147650.75,30176553.75,29744571.25,29947620.75,28629220.5,28556476.5,29644592.75,,
DistanceBenchmarking/Real/PBMC/B_CD8_T_count_matrix.csv,amap,kendall,9117658.09,925216.1735,8877266.25,9209185.75,12400591.75,9649428,10266371.25,8835322.25,9113828.75,9132478.75,8653288,8778399,8645492,8837104.75,9183464.25,10968192.75,9489405.25,9482294,8770265.5,8394927.5,8566853.25,8548475.25,8383770.25,8305946,8556181.5,8478446.25,8414474,,
DistanceBenchmarking/Real/PBMC/B_CD8_T_count_matrix.csv,amap,euclidean,10440662.09,397331.6427,10554504,9660302,11478820.75,10483188.25,10342411,9991108,10184926.25,10284190.25,10492957.5,10616982.25,11046279,9924886,10149072.75,10503521.5,10655435.25,10212801.5,10795867.25,10805096.5,10811346.5,10185671,9808022.5,10524639.25,10381780.75,10437173,10685569.25,,
DistanceBenchmarking/Real/PBMC/B_CD8_T_count_matrix.csv,amap,pearson,10674901.88,411459.4085,11201031,10515124.75,11701613.5,11206803.25,10582355.75,10475429.5,10689113.25,10816708,10883508.5,10902347.75,11450240,10118072,10754451.75,10630379.75,10664658.25,10378585.5,10291047.5,10334228.75,10511419.75,11152651.5,10459576.5,10316426,10395851,10405246.25,10035677.25,,
DistanceBenchmarking/Real/PBMC/B_T_count_matrix.csv,amap,kendall,8726234.7,300212.1903,8754246.25,8750373.25,8379997,7932910.25,8639913.25,8463654,8652949.5,8804322,8524371.25,8553064.5,8517206.5,8888683.25,8767787.25,8668599,8671339,8536253.75,8421333.75,8810163.5,9376250.5,9067105.25,9033508,8995493,8707828,9008147.5,9230368,,
DistanceBenchmarking/Real/PBMC/B_T_count_matrix.csv,amap,euclidean,9309880.94,635789.2902,10024954.5,9906526.5,9993927,9135862.25,9369294.5,10298325,10086019,9946794.25,9947756,9802400.75,9232870,8112546.5,8017758.5,9736375,9712034.5,9312297,8991093.5,9017467.5,8989643.75,8938590,9236329.25,9200219.5,8524639.25,8294804.75,8918494.75,,
DistanceBenchmarking/Real/PBMC/B_T_count_matrix.csv,amap,pearson,9331305.58,306501.7813,9218960.25,9213776.5,9171212.25,9285679.75,9117810.25,9694809.25,9089458.5,9114098,9135512.75,9696333.5,9565647.25,9335654.5,10301337.5,9488661.25,9371469,9517927.5,9367137.5,9556463,9290539.25,9277113.75,9088605.25,9043199.5,8901283.5,8845651.5,9594298.25,,
DistanceBenchmarking/Real/Chen/GSE87544_Merged_17samples_14437cells_count.txt,amap,kendall,19640632.92,148728.6071,20200753.25,19715114.25,19743485.5,19719748.25,19679267.25,19707883.75,19705248.75,19736302.75,19699906,19577174.75,19651233,19728270.75,19702322.75,19676321.75,19560554.75,19511391.5,19493176.5,19567658.5,19492735,19541238.5,19506483.25,19522344.5,19522405.25,19500358.25,19554444.25,,
DistanceBenchmarking/Real/Chen/GSE87544_Merged_17samples_14437cells_count.txt,amap,euclidean,21633095.37,375737.9181,22264290.75,21158931.25,21726080,21319835.75,21124829.25,21798314.75,21859756.5,22200925.5,22188863,21643737.5,21454951.75,22007094.5,21988473.25,21982278.75,21920277.5,21555352.75,21537883.25,21971110.5,21382187.5,21677793.25,21135725.5,21012963.5,21270698,21186437.25,21458592.75,,
DistanceBenchmarking/Real/Chen/GSE87544_Merged_17samples_14437cells_count.txt,amap,pearson,21828821.54,221970.6514,22172611,21967795.75,22141420.25,22003988.75,21469045.25,21473297.75,21913322.5,21854036,22107064.5,21631822,21661502.75,21649352.75,21880699.25,21877814.75,22132527.25,21826096.75,21604687.75,21632970,21827552.25,22048108.75,22075312,21783996.5,21420320.75,21716945.5,21848247.75,,
DistanceBenchmarking/Real/Camp/GSE75140_hOrg.fetal.master.data.frame.txt,amap,kendall,20384.54,15597.19575,23599.5,71322.25,20397.25,18223.5,16034.25,13162,15082,14254.25,71509.25,17635,20262.25,13305.5,16864,13142.75,16347.25,16160.25,13023,16459.75,11758.75,16557.5,14049.25,17720.75,13339.75,15594.75,13808.75,,
DistanceBenchmarking/Real/Camp/GSE75140_hOrg.fetal.master.data.frame.txt,amap,euclidean,22223.8,15637.32775,25882.25,73617,22675.25,20365.25,18178.75,15945,17803.5,16948.75,73045.75,19582.5,22056.75,15397.25,18596.75,14703,17892.25,17808.25,14820.75,18039.5,13180.5,18458.75,16555.5,17634.5,14493.5,17171,14742.75,,
DistanceBenchmarking/Real/Camp/GSE75140_hOrg.fetal.master.data.frame.txt,amap,pearson,21652.78,15319.02193,25808.75,71729.5,20275.5,17713,16647.25,13984,17008.75,15796.25,71795.25,17986.75,22327.25,15467.25,18354.25,14597,17485.75,17167.25,14810.25,18143.75,13584,17789,16468.25,19710.75,14655,17219.5,14795.25,,
DistanceBenchmarking/Real/HLCA/batches/lung_100.csv,amap,euclidean,13445.81,1726.09376,13771.75,12872,12201.75,13263,12496.5,13094.5,14635.5,13460.75,13439.75,13015.5,13272.5,13385.25,13064.75,13830.5,21248,13002.25,13791.25,13440.25,13221,13204.25,13043,12081.75,12716.5,12439.5,12153.5,,
DistanceBenchmarking/Real/HLCA/batches/lung_100.csv,amap,pearson,20270.62,1854.372979,20492.75,20111.5,19001.5,21138.25,20263.75,20946.75,20275.5,20773,19750.75,21208.75,20568,20508,20684.5,20768,28193.5,19411.5,20138.5,19483,19182.25,18799.75,20294.75,19048.75,18406.5,18687.5,18628.5,,
DistanceBenchmarking/Real/HLCA/batches/lung_100.csv,amap,kendall,1264150.57,121976.2357,1158196,1140947.75,1131358,1138123.25,1133571.75,1141056,1508852.75,1264578,1310067.5,1327261.75,1338033.25,1131178.5,1278329.75,1317791.75,1153252.75,1442378.75,1211706.25,1406225.25,1290225.5,1261693.25,1149137.25,1296424.75,1168868.75,1378212.75,1526293,,
DistanceBenchmarking/Real/HLCA/batches/lung_1000.csv,amap,euclidean,967763.62,25827.96758,1017724.5,1001449.5,991177,990215,996042.75,994657,981770.5,949487.5,991452.25,950411.75,961732.25,955754.25,1000916.25,941351.25,938234.5,950356,971682.75,940632.75,920016.25,955135.75,970076.5,951142.25,927361.75,979959.75,965350.5,,
DistanceBenchmarking/Real/HLCA/batches/lung_1000.csv,amap,pearson,1726433.82,115317.2971,1636004.75,1617216.25,1631338.75,1631401.5,1614550.25,1623044.5,1632012,1580915,1626464,1723995.25,1859908.25,1729442.25,1919745.5,1742215.5,1807469.25,1787077,1929131.75,1791933.75,1761634.25,1519063.5,1737618.75,1683052.5,1842989.5,1928143.25,1804478.25,,
DistanceBenchmarking/Real/HLCA/batches/lung_1000.csv,amap,kendall,81244793.74,671143.4172,81841204.75,81449907.25,81341584,81742542.75,81554683.75,81984131.25,80754167,80876729,80438288.5,81044662.25,80466871.5,80641404,80371936.75,81142077,81013171.5,80653117,80760247.75,81878849.25,80055092.25,82219073.25,81230025.5,82413097,82062277,82308003.75,80876699.5,,
DistanceBenchmarking/Real/HLCA/batches/lung_10000.csv,amap,pearson,213798829.8,1196078.918,213083673.8,212772895.3,212456688.8,213432513.5,213216381.8,213156915,212981800.5,216299201.8,216360895,213673679.5,213759418.5,214345249.5,215711724.5,212016390.3,212809856,213913574.8,212143165,214187691,212584909,214933798.8,214736146,213664048.5,214607366.3,213314951.8,214807810.8,,
DistanceBenchmarking/Real/HLCA/batches/lung_10000.csv,amap,euclidean,225686239.2,3798308.786,234233893.3,225552964.3,228201615.5,226352447.5,227759525.3,226670659.8,226776649.8,226408947.8,226491938.3,211717625.5,225028927.5,225083574.8,224048302.8,228219712.5,218876779.8,225777253,226870106.5,225842427.8,226252569.3,227355164,225452175,225369994.5,226801653,226336329.3,224674744.8,,
DistanceBenchmarking/Real/HLCA/batches/aorta_100.csv,amap,euclidean,4734.76,369.1221461,6296.25,4903.5,5152.25,4777.75,4738.5,4744.25,4743.75,4614.75,4719.75,4624,4706.5,4672,4620.5,4354.25,4701.25,4184.5,4596.5,4649,4617.5,4647,4758,4538.75,4710.25,4774.5,4523.75,,
DistanceBenchmarking/Real/HLCA/batches/aorta_100.csv,amap,pearson,6025.89,328.7278516,6852.25,6838,6234.25,6146,6530.25,6307.25,5957.25,6029.25,5740,6013.75,5699.25,5670.25,6011.25,5950.75,6025.25,6031.75,5735.5,6059,6121.25,5931.5,5794,5874.5,5824.75,5572.25,5697.75,,
DistanceBenchmarking/Real/HLCA/batches/aorta_100.csv,amap,kendall,68351.78,2467.31516,73895.25,74903.25,71554.5,67454.25,66376.75,70648.25,66802.5,68435,66646,66537.75,66369.75,66111.75,68105,70437,67445.5,66496.75,70536.25,65849.25,66291,67599,67709.25,67553,67451.25,66807,70779.25,,
DistanceBenchmarking/Real/HLCA/batches/aorta_1000.csv,amap,euclidean,258218.56,21552.29994,249649.75,245795,269150.5,247439.5,290484,289467.5,279560,241685.75,240925.5,245500.75,290700.5,241034.25,239993,290157.25,243771.5,287292.75,241383,241003.25,241965,283452.25,236820.25,242503,290431.25,240126.25,245172.25,,
DistanceBenchmarking/Real/HLCA/batches/aorta_1000.csv,amap,pearson,397058.16,23190.03729,391364.5,386953,401097.75,404703,434233,430234.25,427546.25,384553.75,386364.75,389655.5,430326.75,383466,378544.5,427381,382212.25,432216.5,375291.75,372656.75,375013.75,420945,371576,374819.25,419580.5,372040.75,373677.5,,
DistanceBenchmarking/Real/HLCA/batches/aorta_1000.csv,amap,kendall,5295175.52,102009.2334,5228910.25,5190276.25,5231101.5,5283999.25,5340459.75,5169467,5288538,5277148.5,5265032.75,5166027.5,5310636,5383245.75,5326308.5,5151265.75,5526619.5,5430064,5156913,5402667.75,5461213.5,5223609.75,5330237.25,5220324.25,5274614.25,5444347.5,5296360.5,,
DistanceBenchmarking/Real/HLCA/batches/aorta_10000.csv,amap,euclidean,36723753,1270986.318,37913187.5,36645792,37615711.25,37728490.5,35856774.5,37942506.5,36762984.75,36149157.25,35285733,36313852.75,38485709.25,37249835.75,36274110.25,38290142.25,37655679.75,35399265.25,35638433,36035867.25,39038128.75,35823874.5,35743163.5,34687537.75,38918372.25,34874939.25,35764576.25,,
DistanceBenchmarking/Real/HLCA/batches/aorta_10000.csv,amap,pearson,43824404.85,1244727.475,43874023.5,41580229,43649922.5,42904550.75,43373405.75,43753848.25,43540705,44369760.25,45933179.75,43891389,45594722.25,45018548.75,42397632.75,43611207.75,43940060.75,44123446.75,43841898.25,43650437.75,46014958.25,45994728.5,43696683.75,43833985,43820566.75,41735341.25,41464889,,
DistanceBenchmarking/Real/HLCA/batches/marrow_100.csv,amap,euclidean,39281.07,3356.952221,36910.75,38614.5,39309.75,37543,39793,37472.75,37115.25,38435.25,41272.75,37688.25,37591.75,36639.25,41802.5,38289.25,38267.25,41956.25,38508.75,37652.75,40422.75,37863.25,37648.75,40970.75,39578.75,37124.25,53555.25,,
DistanceBenchmarking/Real/HLCA/batches/marrow_100.csv,amap,pearson,54987.23,3627.573034,50731,51333.75,51987.25,54032.25,57400.25,52287,51939.75,54467.5,60168.25,55995.75,54554.75,52798.25,55160.75,56241,55186.5,58868,53168.25,52351.5,56217.5,52352.25,52166.5,59324.5,54572.5,53920.75,67455,,
DistanceBenchmarking/Real/HLCA/batches/marrow_1000.csv,amap,euclidean,2942910.7,148388.763,2975918,2922331.25,2924986.25,2923585,2955855.5,2986902.75,3054846,3077434.75,3037817.25,3113702.25,2725608,2739214.5,2743912.75,2736313,3006229,3118175,3174947.75,3038378.75,2884745.25,2737854.25,3107444.25,3135090.5,2957759.5,2755238.5,2738477.5,,
DistanceBenchmarking/Real/HLCA/batches/marrow_1000.csv,amap,pearson,4453460.63,17887.15361,4513405.75,4457608.75,4437018.75,4443016.75,4430832.25,4435822.25,4420153,4463042,4475617.5,4460880.75,4449370,4442829.5,4463555.25,4468481.75,4456801.75,4458636.75,4447978.25,4446504.5,4462318.75,4449298.75,4440006,4456516.25,4465171.25,4444270,4447379.25,,
DistanceBenchmarking/Real/HLCA/batches/marrow_100.csv,amap,kendall,11453757.03,276121.0391,10935457,11168051.75,11250608.25,11463967.5,11870792.5,11587503,11052054.75,11700945.25,11142219.5,11717874.25,11152423.75,11668833,11781507.5,11885653,11209871.25,11343921.25,11313722.25,11816847.25,11382218.25,11359905.25,11746359.25,11537468.75,11306957.25,11281830.75,11666933.25,,
DistanceBenchmarking/Real/HLCA/batches/aorta_10000.csv,amap,kendall,552613976.9,8213107.511,575794885.5,581133310.8,549851173.3,550807681,550671832.8,550334794.3,547490826,551241871.8,553684562.8,547332046.3,552870709,551967221.5,547612796.3,548841515,549060822,545825257.5,551625628.5,549429950.8,550436795.5,551456403.3,551525621.8,549259447.3,548024979.3,550371031.5,558698259.3,,
DistanceBenchmarking/Real/HLCA/batches/marrow_10000.csv,amap,euclidean,571350732,16030351.42,541434798.3,540538011,559911364,538163742.8,560752011.3,557880434.3,589156602,564736624.3,577644429.3,556296900.3,586552803.8,566381371.8,602122018.3,575130773.3,591524513.5,576933419.5,583900938.8,578154190.8,578566741.5,577696169.5,570030609.3,580475558.8,573525818,582432457.3,573825998.5,,
DistanceBenchmarking/Real/HLCA/batches/marrow_10000.csv,amap,pearson,635895415.2,30462304.57,582642957.5,582431844.3,604154142.8,609491238.3,626013568,653161669.3,644597408.5,645408433.5,628774078.5,648087287.3,641910603,684091096.8,649450135.3,671777483,659053027.8,662481244,652122037.3,659393570.8,643923617.8,664810275,651753823,661760866.3,597769061.3,585645012,586680899.5,,
DistanceBenchmarking/Real/HLCA/batches/marrow_1000.csv,amap,kendall,750281678.9,9072678.695,752780512.3,754263955.5,739506122.5,749940199.3,764763589.8,764683736.8,762758758.8,744359311,751509440.5,746909601.3,760240331,758903294.3,737259135.5,741801464.3,756862069,736907651,743000532.3,761746266.3,756382998.8,739410679.5,741218093.8,741847143.5,744476801.3,748273863,757236421.8,,
DistanceBenchmarking/Real/HLCA/batches/marrow_100.csv,amap,euclidean,35987.68,3581.20074,33892,34721.5,33325.75,33245.75,39866,34660,35714,35903.75,39538.75,35053,32842,32641.75,37531.75,32889.25,33554.25,38746.75,36020.25,36192.25,36668.75,35983.75,33444.5,38881.5,32999.25,35753.75,49621.75,,
DistanceBenchmarking/Real/HLCA/batches/marrow_100.csv,amap,pearson,55755.49,3891.405955,56458,52734.25,58171.5,58262.75,56929.25,55399.5,56295.75,55743.75,56525.25,54819.25,54700.5,53762.75,57625,55330.5,53824.25,56722,52362.75,56125.5,60144.25,51179,52507.25,52894.75,52584.5,51884.5,70900.5,,
DistanceBenchmarking/Real/HLCA/batches/marrow_100.csv,amap,kendall,12081125.33,1330926.328,13853496,11108103,10865054.75,11198265,11115541.5,10981003.5,12387971.5,10876690.25,11429727.75,12112307.25,12049853,13628232,11752944.75,11781514.75,11490523.75,12532382.75,10820569,16080920.5,12425667.25,10952233.5,12200747.75,11234176,11132747.5,13350545.25,14666915,,
DistanceBenchmarking/Real/HSC/matrix.mtx,amap,euclidean,33636.96,2580.402404,32393.5,33557,32198,31447,37474.25,36506,35369,35082.5,34619.25,35581.25,29013.25,35154,33551,32625.25,30778.25,34843.75,35125.75,35316.5,34770.5,34654.25,35697.5,32611,32163,25413.5,34978.75,,
DistanceBenchmarking/Real/HSC/matrix.mtx,amap,pearson,49854.41,6228.058202,46153.25,46026.5,36173.75,49897.25,45333.75,55111.75,58782.75,53956.5,41357.25,45901.5,58407.5,56402.75,45367.75,43439,48683.75,47159.75,49946,51103.25,55889.5,54850.5,55728,51420.5,38293.75,55559,55415,,
DistanceBenchmarking/Real/HSC/matrix.mtx,amap,kendall,1500084.8,98447.90319,1350091,1702164.25,1336269.75,1489399,1540943.75,1570500.75,1481553.5,1401861.75,1526698.5,1688824.75,1475014.75,1449166.5,1509745.75,1564435.5,1564822.25,1419748.75,1450391.25,1494813.5,1644033,1417394.25,1636769.75,1468225.25,1373190.25,1428569.75,1517492.5,,
DistanceBenchmarking/Real/HSC/matrix.mtx,amap,euclidean,1270396.29,65834.89825,1159044.75,1266115.5,1261908.5,1368819.25,1266132.25,1100810.25,1317465.75,1268015.5,1209858.5,1282025,1304372.5,1207057.75,1297595,1199477,1285398.75,1233529.5,1195408.75,1384391.75,1276025.25,1280391.25,1307212.25,1328924.75,1368920.25,1291759.75,1299247.5,,
DistanceBenchmarking/Real/HSC/matrix.mtx,amap,pearson,2051836.23,118750.9371,1933298.5,1958262.25,2119440,1815308.5,2311649,1913519.25,2175302,2228161.5,2005278.75,2032112.5,2005597.5,2086399.5,2085446,2006438,2020894,2204382,2094821,2091824.25,2156148.25,2026167.5,2054455.5,1914119.75,1844703.5,2050889.25,2161287.5,,
DistanceBenchmarking/Real/FibroCardRNASeq/snRNA_Heart_counts_matrix.mtx,amap,pearson,291115.22,9234.994837,298968.75,290236,287674.25,301988,304715.25,292150.25,303728.25,307941.75,284145.25,283778.5,290848,298867,301301.75,296773.75,294230,290792.25,275748,278809,276799.25,285144.25,278982.5,295362.75,282517.25,284100.5,292278,,
DistanceBenchmarking/Real/FibroCardRNASeq/snRNA_Heart_counts_matrix.mtx,amap,euclidean,276641.54,24364.91456,256528,288965.75,262040,289539,293798.25,277341,285682.25,339259.25,287229,295193,295543.25,290862,275042.75,288359.5,253116.75,277967.75,295773.5,284115.5,237051.25,225832.5,233573.5,278728.75,247271.75,277420.5,279803.75,,
DistanceBenchmarking/Real/FibroCardRNASeq/snRNA_Heart_counts_matrix.mtx,amap,pearson,44682072.84,3593127.192,40246745.5,41777664.75,54931316.5,40174813.5,39468931.5,40620107,39417203,41279881.75,42131639.25,43294862.25,43690735.5,44498730.75,45017841,46166602.5,46261649,48391123.5,45832458.5,47352540.75,46338303.5,47990973.75,47020215.5,47333758.75,46588652.25,47253801,43971269.75,,
DistanceBenchmarking/Real/FibroCardRNASeq/snRNA_Heart_counts_matrix.mtx,amap,euclidean,46530515.55,2547098.083,39049017.75,38528139.25,47195736.75,46752055.75,47013699.25,47397864.25,47144521,48441062.25,47571513.25,47711480.5,48303553.5,47993974.25,46857024,47155051.5,47708602,47986791.75,48064015.75,47844699,47315989.5,48580530,47749747.25,45458741.25,45961525.5,45005937,44471616.5,,
DistanceBenchmarking/Real/HSC/matrix.mtx,amap,kendall,106895126.5,1023409.078,104137792.5,108688052.3,107264753,108076400.5,107259344.5,106662791.8,106126053,107799404.3,106762352,108342133.8,106011639.8,106450564.5,107920729.3,107052089.5,107743561.3,106313687.3,106327697,107042687,106097940,107022057.3,107102539.5,108088100.3,105136401.8,106646724,106302666,,
DistanceBenchmarking/Real/FibroCardRNASeq/snRNA_Heart_counts_matrix.mtx,amap,kendall,196159359.4,3923827.186,191585395,204888757.3,193637938,194437111.3,197250525.5,193334347.8,196023338.8,193379304.8,201190403.3,200115150,194906374.3,193929829.3,195958515.5,193900064.5,195313152.8,204769294.3,203458068.8,194082135,199555278.5,193324194,192838589,195150602.3,191760848,192980589.8,196214178,,
DistanceBenchmarking/Real/HSC/matrix.mtx,amap,euclidean,234479784.7,36309815.26,206059560.3,207461703.8,207947214,248291946,285357563.8,211837846,281605608.3,284668928.5,210944090,209373989,244374817.8,275909336.5,196537924.5,196808198.3,194460037,236668990,273149061,198440335.8,275505811,277342192.3,196604459,199103502.8,274157064.8,275494772.5,193889664,,
DistanceBenchmarking/Real/HSC/matrix.mtx,amap,pearson,237685070.1,30227034.33,200579098.3,200849710.8,267360368.8,260441100.3,266290629.3,207367918.3,267842297.8,268729852.3,217439865.5,206733309.5,272557034.5,264001868.8,205383575,269891608.3,213662146.8,239614826.5,221935880.8,205056284,264089497.8,267994958.3,209573793.3,209994597.3,268080815.8,270744090.3,195911626,,
DistanceBenchmarking/Real/FibroCardATACSeq/counts.mtx,amap,euclidean,2065425.37,185157.4816,1493873.25,2407013.25,2062377,2085133,2048311.75,2011347.5,2130251.25,1993085.5,2150349,2161280.25,2378333.75,1883121.5,1818433.25,2074428.25,2120618,1980597.25,2182355.75,2087093.25,2241697,2317511,2057804.25,1934966.25,1927340.25,2014926.25,2073386.5,,
DistanceBenchmarking/Real/FibroCardATACSeq/counts.mtx,amap,pearson,2066313.8,269667.363,2584552.5,1934973,2145585.75,2197192,1988807,2027805.5,2062102.5,2196162.25,2146460.5,2577325.5,1923332,2107591.75,1955865.75,1964646,2026678.5,1888629.5,2117037.75,2105142.5,2530512.5,2171486,1965532.75,1938353.75,1876259.25,2038272.25,1187538.25,,
DistanceBenchmarking/Real/FibroCardATACSeq/counts.mtx,amap,euclidean,348470166.4,106092475.2,320868005,172709734,154650226.3,399784623.3,451953334.8,404338476.3,469728534,502683696.3,490526582.8,399546423.3,240480472,220060214.8,231430601,420475061.5,189797791,233153330.3,302994344.3,336692209.5,415549683.3,507644874.8,401822728.8,350549249.5,336182021.8,359678787.5,398453154,,
DistanceBenchmarking/Real/FibroCardATACSeq/counts.mtx,amap,pearson,370490140.9,167744618,348782309.5,193163292.8,258162417.8,531380594.3,503709220.5,541986200.8,613984578.8,596493168,298761855,227243084.5,301365991.5,419436420,222396987.5,273939320,365972836.8,443717885.8,620453984.3,467709274,569173675,559000635.3,384131257.8,134743433.3,130691100.8,130579503.3,125274495.5,,
DistanceBenchmarking/Real/FibroCardATACSeq/counts.mtx,amap,kendall,1458937265,19350536.49,1506455321,1428286952,1446992385,1467575157,1461977818,1472894343,1463004669,1429904759,1483390421,1480468438,1483779202,1422607030,1478426284,1456474096,1445081660,1444188852,1468097815,1457796378,1467204683,1450576517,1446364041,1444043443,1448859027,1457374816,1461607517,,
DistanceBenchmarking/Real/Organogenes/gene_count.txt,amap,euclidean,2696527175,589515143.5,2631018835,2139342934,2129373302,2130886118,2477185712,4817871191,4323739127,2579856651,2575289288,2570345662,2574554642,2618419894,2563125910,2636917826,2591758931,2615287908,2630734732,2565766065,2628900707,2636260014,2613649863,2614763588,2593280256,2608512377,2546337846,,
DistanceBenchmarking/Real/Camp/GSE75140_hOrg.fetal.master.data.frame.txt,CPU,kendall,16110.27,19016.16617,18209.25,66070.25,11912.75,10638.75,9474.5,9242.75,8155.75,11204.25,66363.5,7023.75,6939.5,10926,12533.75,6798.25,6848.5,9375.75,6708.75,6683.25,9082.75,6611.5,8986.25,6450,8433.75,65791.5,12291.75,,
DistanceBenchmarking/Real/Camp/GSE75140_hOrg.fetal.master.data.frame.txt,CPU,euclidean,17030.73,18441.46476,18860,64213.25,14038.5,11660.75,10112,10169.25,8912.5,14001.5,65767.25,8349.5,8248.25,10722.5,13713.5,8061.25,8237,10449.75,7815.5,8023.5,10008,7712.25,9747.5,7472.5,9263.75,66309.25,13899.25,,
DistanceBenchmarking/Real/Camp/GSE75140_hOrg.fetal.master.data.frame.txt,CPU,pearson,20131.98,18751.52174,23906.5,68311.5,16653.25,14231.75,14603.75,13933.5,11475,16642,68665,11210.75,11046.75,14066.25,17725,10836.75,11032.25,13441,10618.75,10737.75,12692.75,10242.75,12309.75,9851.25,11799,70590.25,16676.25,,
DistanceBenchmarking/Real/HLCA/batches/lung_10000.csv,CPU,euclidean,399534354.1,2812234.868,403290612,395700554.3,396487617.5,403249931.3,404846833,400299955.8,397992097,404405046.3,403506712.5,401164112.8,400454638.8,398492973,403665478.3,397416270.5,400675066.5,399138991.5,396932289,397141211.3,398101312,397890560.3,397719018,396857907.3,398005157.5,398164542.5,396759963.5,,
DistanceBenchmarking/Real/HLCA/batches/lung_10000.csv,CPU,pearson,1113716856,43452875.39,1313156831,1116620976,1120502904,1122195339,1121928912,1126121055,1126479590,1126515083,1112491167,1095656883,1088508742,1105526218,1093492666,1096195323,1090791939,1093370785,1099593096,1106106229,1103829857,1099098672,1091329769,1090503857,1097885164,1108365521,1096654819,,
DistanceBenchmarking/Real/HLCA/batches/aorta_100.csv,CPU,euclidean,4240.9,360.2964202,5964.75,4112,4187.25,4164.75,4150,4168,4162.75,4243.5,4171.5,4157.75,4155,4162.5,4168,4148.75,4208.75,4189,4187.75,4149.75,4150.25,4149.5,4154.5,4153.5,4168.5,4243.25,4151.25,,
DistanceBenchmarking/Real/HLCA/batches/aorta_100.csv,CPU,pearson,9930.17,608.8909647,11767.5,9593,9648.25,9708,9620,9623.5,9692.75,9685.25,9640.5,9645.75,9701.5,9665.75,9873.25,9862.25,9801.75,9767.5,9797,12064,9951.5,9763,9808.75,9860.5,9928.25,9810.5,9974.25,,
DistanceBenchmarking/Real/HLCA/batches/aorta_100.csv,CPU,kendall,424822.05,1690.905205,431085.5,429005.25,424821.75,426322,424452.75,424314.25,423570.5,423673.5,424275,424225.25,424411.75,424713.25,424577.5,424025.5,423752.25,424203.75,423996,424052.25,424469.25,424489.25,424108.25,424001,424355.25,425267.75,424382.5,,
DistanceBenchmarking/Real/HLCA/batches/aorta_1000.csv,CPU,euclidean,434276.08,27927.88696,483729,450753.5,404595.75,455519.5,415255.5,414352.25,468090.75,402709.5,404169,403529.25,459823.75,458678,431311,457568.25,414045.25,419014.25,454906,426040,445131.5,403389.5,426043.75,485142.75,400098.25,468746.75,404259,,
DistanceBenchmarking/Real/HLCA/batches/aorta_1000.csv,CPU,pearson,1249383.14,123013.6645,1517572,1266384.5,1099359.25,1218236.5,1348983.5,1136624.75,1155163.5,1517846.5,1222040.5,1079827.75,1272250.5,1161827.5,1413452,1233209.25,1368569.5,1125779.75,1241659.25,1458131,1219478.75,1124390.75,1203684.75,1237858.75,1228106.75,1200890.25,1183251,,
DistanceBenchmarking/Real/HLCA/batches/aorta_1000.csv,CPU,kendall,49872565.95,89217.84412,49970036.75,49909798.25,49787959.75,49946227,49818492.75,49924298.5,49967889,49807918,49906676,49849921.5,49945036.75,49803690.75,49930435,49875803.25,49760481.5,50139055.25,49845271,49777356.75,49792881.25,49920611.5,49725414.5,49864459.5,49894289.25,49874659.25,49775485.75,,
DistanceBenchmarking/Real/HLCA/batches/aorta_10000.csv,CPU,euclidean,97296802.07,1586853.209,102899156.5,96795126.5,96537470.5,96450535.5,96707270.5,96342623.25,97866435.25,96141295.75,97011279.5,96611432.5,96477220,99215927.5,96908715.75,96731054.75,96384395,98275992.25,96412078.25,96255881.25,97375524.5,96556485,98272059.5,96510775,96556500.25,96362755.75,100762061.3,,
DistanceBenchmarking/Real/HLCA/batches/aorta_10000.csv,CPU,pearson,271460134.3,567826.6544,271833278.5,271742272,271509879.3,271407512.5,271295849,271194195.5,271938190.3,271337190,271325559.3,271113131.8,271438631.8,273741514.8,271402299.5,271432267.8,271090666.5,272219276.5,271070535,271309971,271315305.3,271198763.5,270934710.8,271172804.5,270806448,271209879.8,271463224,,
DistanceBenchmarking/Real/HLCA/batches/marrow_100.csv,CPU,euclidean,47941.01,2696.549848,47399.25,46304,48235.25,45921.75,47674.25,48349,58836.75,45349.5,48376.5,44867.25,47778.5,52577.75,45815.75,48967.75,46158.5,47710.5,47806.75,47670.5,47612.75,47625.25,47685.75,47976.25,47296,47115,47414.75,,
DistanceBenchmarking/Real/HLCA/batches/marrow_100.csv,CPU,pearson,114212.44,3013.50492,114346.5,112850.5,115528.75,112256.25,115326,114489,126791.75,112232.5,115204,111150.25,114082.5,118265.25,111411,114689.5,111636.5,113233.75,113038.25,113398.75,113420.75,113551.5,113595.5,113746.25,113704.5,113829.25,113532.25,,
DistanceBenchmarking/Real/HLCA/batches/marrow_1000.csv,CPU,euclidean,5090116.4,46461.12498,5257239.5,5108931.75,5098888,5096660.5,5124540.25,5116057.25,5105453.5,5072406.25,5084142.25,5071256.5,5066361,5178917.5,5046497.75,5066207.5,5070629.75,5086535.25,5095643,5107271,5070043,5044195.5,5071901.25,5040582,5053102.5,5044740,5074707.25,,
DistanceBenchmarking/Real/HLCA/batches/marrow_1000.csv,CPU,pearson,21100423.24,3005018.776,28199129.5,26831958,17471900,18607668.25,18721080.5,26763250.75,18535371,21553353.5,18652207.75,26655577.75,18556888.5,21127583.75,21207193,18527245.5,18594223.75,21630688,18637307.25,18491744.25,21103423,21265268.5,21167170.5,21275977.5,21322602.5,21288718.25,21323049.75,,
DistanceBenchmarking/Real/HLCA/batches/marrow_100.csv,CPU,kendall,84451564.23,479200.6966,83110594.75,84641900.25,84425349.75,84326178.25,84438333.75,85501010.25,84417478.5,84373225.75,84699019,84167005.5,84403374.75,84551744.75,84648264.5,84730337.75,84524145,84306531.5,84143935.25,85482509.5,85001577,84844019,84045937,83961216.25,84122740.75,84134709.5,84287967.5,,
DistanceBenchmarking/Real/HLCA/batches/marrow_10000.csv,CPU,euclidean,1388337006,137182157.2,1517090128,1583538589,1511143027,1642043790,1641360258,1599761125,1589234421,1552373104,1354915586,1293579071,1291811222,1292895468,1292857524,1292468487,1291808854,1293397597,1291965579,1292980771,1291567293,1292879539,1293046642,1292629096,1295333886,1308997831,1308746264,,
DistanceBenchmarking/Real/HLCA/batches/marrow_100.csv,CPU,euclidean,48464.4,2803.865643,47427.75,46789.25,49162.25,46530.5,48295,48812,59811,45611,49223,45106.25,48584.5,52948,46185.25,49612.5,46691,48141.75,48196.5,48355,48366,48048.25,47860,47683,47944,47965,48261.25,,
DistanceBenchmarking/Real/HLCA/batches/marrow_100.csv,CPU,pearson,116350.75,3103.313571,115157,113232.5,116943.5,113120.75,116544.75,116995,128408.75,113310.75,116509,112408,114667.25,121510,115014.25,117666.75,114651.5,115862.75,117214,116149.25,115853.5,115357,116839,116367.5,116307.75,116036.25,116642,,
DistanceBenchmarking/Real/HLCA/batches/marrow_100.csv,CPU,kendall,84275878.31,299043.0782,83160670.75,84562314.25,84921694,84407053.25,84377303.25,84386647.25,84501486,84308215.5,84374740.5,84426758,83917855.25,84072406.5,84371379.75,84441195.25,84224707.5,84368465.5,84334637,84279477.75,84295937,84107531,84249587.5,84168180.25,84241781.25,84152015,84244918.5,,
DistanceBenchmarking/Real/HLCA/batches/marrow_10000.csv,CPU,pearson,3118323455,211069258.2,3639406866,3048325737,3048740780,3049575371,3063923447,3046166798,3037089063,3009916980,3024806056,3022673754,3702926473,3489885489,3018678117,3020808486,3030236665,3024644541,3013903730,3024412025,3021372971,3038703662,3018993348,3019080306,3019627759,3020486643,3503701312,,
DistanceBenchmarking/Real/HSC/matrix.mtx,CPU,euclidean,21435.92,3418.855626,37636,21030.25,20992.5,20741.75,20768,20888.25,20827,21014.25,20844,20870,20841.25,20838.5,20708.5,20918.5,20813,20755.75,20720.5,20748,20741.5,20754,20636.75,20548.25,20489.25,22183,18589.25,,
DistanceBenchmarking/Real/HSC/matrix.mtx,CPU,pearson,49375.71,3546.290056,64011.25,48113.25,48267.5,48236.75,48202.75,48401,53086.25,48877,48529.75,48307.25,48298.5,48161.5,48894.5,48931,48310,48180,48349,48354.25,48726.75,48117.75,48196.25,48121,48131,55644,45944.5,,
DistanceBenchmarking/Real/HSC/matrix.mtx,CPU,kendall,9311302.91,21134.20289,9292833,9343000.25,9302587.5,9326383.5,9332421.75,9281685,9312723.5,9336323,9276147,9297246.5,9322719.25,9281498.5,9301464.75,9340589,9281298,9313285,9330657,9317628.25,9292400.25,9317549.75,9286823.25,9326903.75,9300472.5,9331701.5,9336231,,
DistanceBenchmarking/Real/HSC/matrix.mtx,CPU,euclidean,1838146.75,29997.28805,1863643.75,1883345.25,1852616.75,1836242.5,1850330.5,1946819.25,1824483.5,1822692,1824094,1809719.75,1813350.75,1807363.75,1816367.5,1838124.5,1834267,1833108.75,1857864.25,1812504,1829116.25,1839114.5,1809512.25,1847037.25,1806374,1847343.5,1848233.25,,
DistanceBenchmarking/Real/HSC/matrix.mtx,CPU,pearson,5499368.02,1140356.069,7491374,8030607.25,5347173.75,5297318,5002147.25,5240997.25,5242677.5,9455894.5,4987345.75,4927264.75,5891234.5,4899576.25,5968686.75,5253735.5,5005222.25,4925342.75,4907957.25,5089561.25,4969947.25,4921225.5,4908830.75,4965200,4912208.75,4933455.75,4909216,,
DistanceBenchmarking/Real/FibroCardRNASeq/snRNA_Heart_counts_matrix.mtx,CPU,euclidean,266866.55,33573.15652,270017.25,267130,266444.25,273696.5,264986.25,264558.75,266161.25,252780.25,258238.5,251554.25,252540.25,264702.75,251280.25,424512,250890.75,251595.75,257200.75,265036.75,265425.75,263528,265156.5,264741.25,254733.75,252752.75,251999.25,,
DistanceBenchmarking/Real/FibroCardRNASeq/snRNA_Heart_counts_matrix.mtx,CPU,pearson,634987.58,26442.61258,639768,639109,633535.75,646997,634142.25,634671.5,631149.5,619527.75,627978.5,620509.5,621536,633151.5,620475.75,756739.25,622383.25,620482.25,627431.25,633497.5,633439.25,631669,639247.75,634006,631034.75,621799.75,620407.5,,
DistanceBenchmarking/Real/FibroCardRNASeq/snRNA_Heart_counts_matrix.mtx,CPU,euclidean,26934271.79,269851.9073,27171651,27140722.25,26979701.25,26964094.25,26863974,26789376.25,26593146.5,26599614.5,26830762,26704832.5,27020613.25,27463768,27353132.25,26759942.25,27092318.25,27474093.5,26781765,26718744.25,27451700.75,26821108.5,26709856.25,26708844.25,26793298.25,26817382.5,26752353,,
DistanceBenchmarking/Real/FibroCardRNASeq/snRNA_Heart_counts_matrix.mtx,CPU,pearson,73184771.72,2408773.188,77868454.5,78164428.25,78176993,78577729.25,73506996.75,74883161.25,71768665.25,71544954,73747098.25,71359323.25,71324478.75,73125375,72044813,71605985,71541803,73201789.75,71683905,71367710.25,73267806.5,71844863.25,71451581.75,72002185,71904078.5,71561084.25,72094030.25,,
DistanceBenchmarking/Real/HSC/matrix.mtx,CPU,euclidean,304839651.6,17308843.54,308686458.5,308287079,307443411.5,329926741,342693221.8,348385023.8,346412885.8,295547476,295823220.3,299529389.3,297868315,296100329,297515979.8,293448427,295861580.5,294719333,301024790.3,297370238,292711142.5,297329390.5,294940265.5,295096268.8,292116751.5,295534336.5,296619235.5,,
DistanceBenchmarking/Real/HSC/matrix.mtx,CPU,pearson,911692413.2,20572803.03,900349597.5,964808478.3,924853114.8,917929094.5,899038278.5,902212044.5,894013878.3,891901641,892516995.5,896483534,897803206.5,893507938.5,890398031.3,893122450,898506658,891796590.3,892732517.5,923937910,929142699.3,929797744,936025688.5,937061037.3,930462242.3,931787603.5,932121355.5,,
DistanceBenchmarking/Real/HSC/matrix.mtx,CPU,kendall,1246840814,14241700.5,1244565824,1275832980,1273997974,1275578980,1262669972,1238698973,1237259991,1238178980,1238549973,1238100982,1240172984,1239413988,1238945981,1263858970,1240270987,1237819974,1239272987,1238494981,1240883974,1237786988,1238818977,1238892984,1238661977,1239785972,1274503991,,
DistanceBenchmarking/Real/FibroCardRNASeq/snRNA_Heart_counts_matrix.mtx,CPU,kendall,1624504234,7762896.083,1620976041,1621372740,1620526908,1620989697,1620729657,1620491839,1620729564,1620020639,1620311327,1622400693,1647498317,1620249674,1637217656,1622452006,1621529238,1627304795,1646703379,1622510285,1621155095,1623030882,1621499761,1620621200,1622650843,1629394299,1620239331,,
DistanceBenchmarking/Real/FibroCardATACSeq/counts.mtx,CPU,euclidean,827584.08,70065.44729,831960.25,826453.5,816954,812659.25,877486.5,820579,819921,817345,863124,822164.75,820642,1112721,741880.5,746327,806834.5,817862.75,821556.75,827213.75,819727.25,818602.25,820989.5,817152,904441.25,744391.75,760612.5,,
DistanceBenchmarking/Real/FibroCardATACSeq/counts.mtx,CPU,pearson,1920003.53,68826.27986,1899685.75,1892496.5,1893493.5,1897274.25,1980558,1917223.75,1919584.5,1897966.5,1960123.25,1919986,1917886,2208122.75,1882808,1886807.5,1887352,1900443.25,1884904,1896784.5,1884236,1897097.25,1884523.25,1895388.75,2023869.5,1886908.75,1884564.75,,
DistanceBenchmarking/Real/FibroCardATACSeq/counts.mtx,CPU,euclidean,79430511.5,220505.1737,80178450.25,79115472,79294815.25,79157522.75,79166130.25,79106959,79203382.75,79397699.75,79335238,79398101.5,79447655.5,79450625,79622424.5,79459253,79633142,79431356.25,79557574.75,79598160,79430029,79447426,79387679,79467564.75,79464827,79367197.5,79644101.75,,
DistanceBenchmarking/Real/FibroCardATACSeq/counts.mtx,CPU,pearson,205927890.7,8134685.89,226145803,203733876.3,205004617.3,204432097.3,203010974,205120198.5,207336772.8,207723519,206556330,205722136,206194818,235346042.8,212050788.3,200983912.3,203406380.8,200606770.3,203397424,200164086,200490602.8,200576241.8,198907785,200823202.5,205022884.8,202660405,202779599.3,,
DistanceBenchmarking/Real/TCells/TagCount.txt,factoextra,pearson,23793374.32,3386960.321,23463027.5,23343876.25,23434907.25,40040972.25,23096734,23073563,23041603.75,23031607.75,23092679.5,23041557.5,23028854.75,23029470.75,23101639,23057367.75,23113061,23116968.25,23046307,23072491.75,23119228.75,23051443.25,23101519.75,23088428.75,23046933.25,23074219.5,23125895.75,,
DistanceBenchmarking/Real/TCells/TagCount.txt,factoextra,euclidean,140022949.6,4290146.174,159523690.5,140058637.3,140283205.5,141966963.8,139516415,141711182.8,138640569,138752169.5,138725238.3,138719549,139443357.5,139511712.8,139504265.3,139246055.3,139043094.5,138739604.5,137319623,137587844,141578733,137354953.3,141679694,137744404.5,137959297.8,137662152.8,138301327.5,,
DistanceBenchmarking/Real/CellLines/TagCount.txt.1,factoextra,pearson,148578134.2,18620.58398,148621166.8,148623767.8,148588453.8,148576114.8,148573318.8,148566692.5,148571695,148564176,148577899,148591225,148575964.3,148570146,148553653.8,148568121.8,148561269,148606513.5,148589210,148588229.5,148581506,148589797,148566938.3,148573704.5,148553529,148553558.8,148566705.5,,
DistanceBenchmarking/Real/CellLines/TagCount.txt.1,factoextra,euclidean,2994569850,3921669.945,3010445818,3001029587,2995739100,2992993366,2994281423,2995631705,2994779563,2997678038,2993392003,2994312701,2992168034,2992844922,2991899747,2992015444,2993273830,2991963099,2993666245,2995673630,2992202248,2994913142,2991340490,2993157330,2992652492,2993231237,2992961065,,
DistanceBenchmarking/Real/TCells/TagCount.txt,factoextra,pearson,23049313.4,111006.8263,23165276.5,23132074.25,23170034,23221547.25,23302133.5,23100837.5,23153365.5,23072408.25,23284666.75,22933994.25,22956732.75,23006652,22992370,22986457,23041422.25,22999836,22949178.75,22944819.75,23013074,22939711.75,22966930.25,22994468.5,22949821.5,22987799.5,22967223.25,,
DistanceBenchmarking/Real/TCells/TagCount.txt,factoextra,euclidean,107822104.9,39663477.9,98129778.25,221365432.5,96463508.5,255769609.8,96232674,96387684.75,96413476.75,96375362.25,96393910.75,96446299,96464448.5,96405800.5,96478224.75,96456593.75,96418644.75,96378074.75,96384322,96350909,96142470.25,96150508.75,96421986.5,96360976.75,96395613.5,96372938.75,96393372.5,,
DistanceBenchmarking/Real/CellLines/TagCount.txt.1,factoextra,pearson,149246833.7,2516395.598,161270128.8,149836274.3,148960286.5,148804526.5,148666127.3,148722611,148670864.5,148769962,148785402.3,148801868.5,148685520,148667370.8,148686029,148647457,148642754.8,148705986,148647031.3,148665035,148653650.3,148638878.5,148684379.5,148570861.5,148636399,148734869.3,148616570,,
DistanceBenchmarking/Real/CellLines/TagCount.txt.1,factoextra,euclidean,3210089424,5197814.927,3231447415,3216886329,3217370183,3214122360,3208885374,3208718919,3208956369,3208478310,3208133619,3207994266,3208298663,3207845930,3208595439,3208012896,3208080487,3207776517,3208409129,3208221859,3208117082,3208060057,3208386509,3207624589,3207984615,3207920406,3207908286,,
DistanceBenchmarking/Real/HLCA/batches/lung_100.csv,factoextra,pearson,317235.44,31887.7722,416605.75,381056,327522.5,315863,311043.5,272973.25,321860.25,320165.25,276706.75,322093.75,318001.75,319526.75,277522.75,314390.5,274794,340511.25,323805.5,321797.5,329340.75,288531.25,319057.75,317786.5,321604.5,321641.25,276684,,
DistanceBenchmarking/Real/HLCA/batches/lung_100.csv,factoextra,euclidean,968078.31,17111.77883,1030601,965121.25,967229.5,957927.25,966217.25,976746.75,969561,957653.75,971720,1000038.25,980077,956649,977686.5,961199.5,958667.75,955544.25,956872.75,967406.25,973469,957305.75,949185.75,959144.25,951076,959553.25,975304.75,,
DistanceBenchmarking/Real/HLCA/batches/lung_1000.csv,factoextra,pearson,2373002.54,34235.29802,2488638.25,2397339.5,2375408.25,2414438.75,2391157.25,2389682.25,2376918.25,2385192.5,2370336,2357882,2345532.5,2327987.25,2361284.75,2378779,2363391.25,2364322.75,2322036.75,2317981.5,2392899.5,2371674.5,2372272.75,2368692.75,2328831.25,2390913.5,2371470.5,,
DistanceBenchmarking/Real/HLCA/batches/lung_1000.csv,factoextra,euclidean,9913312.06,774523.2373,8797602.5,8732393,8743188.25,9717479.25,8956756,9974985,10100122.75,10041998.75,10072801,10606802.5,10794852.25,10274031.25,10222967,10282536.75,10339774,10965541.75,8972738,10217003.75,10919819.5,8651936,10624918,9940831,10205558,10901172.75,8774992.5,,
DistanceBenchmarking/Real/HLCA/batches/lung_10000.csv,factoextra,pearson,23488342.51,89522.70621,23680068,23621738.75,23626766.75,23639567.5,23430119.25,23504535,23437678,23481680,23543075.5,23504564.75,23412741.5,23559021.25,23423897.25,23346915.25,23382018.75,23363772.5,23538326,23442148.25,23448152.75,23417641.75,23450825.75,23461403.5,23582627.25,23456725,23452552.5,,
DistanceBenchmarking/Real/HLCA/batches/lung_100.csv,factoextra,kendall,165602697.3,331792.948,165480764.3,165497319.5,166750489.5,165556311.8,165615410.8,165645115.3,165644620.3,165647830.8,165637517.5,165606168,165441173.5,165346350.8,165380579.3,166516670.3,165839945.8,165449542.5,165393195.8,165519168.5,165426793.3,165467586.8,165464388,165461113.5,165437963.3,165439390.5,165402023,,
DistanceBenchmarking/Real/HLCA/batches/lung_10000.csv,factoextra,euclidean,116352519.7,15095460.65,144896285.5,144415322.3,144943529,144285596.5,143598730.5,124300218.5,101029830.3,110014598,109965490.8,109986283.3,103751749.5,113207911.8,113113513,113157917.5,113772656.5,113123769.3,113142947.8,106176182.8,106375112.3,106234178.5,106277023.3,106237422.5,106262860.3,101163615.5,109380248.5,,
DistanceBenchmarking/Real/HLCA/batches/aorta_100.csv,factoextra,pearson,15997.82,1884.446135,17259.5,16977.75,16822.75,16883,18146.5,14652.5,14586.25,14787.25,17178.75,18494.75,15901.75,15857.75,22215,14580,14727.5,14372.75,16766.5,14246.75,14255.75,16718.5,14264,14416.5,17005.5,14431.5,14396.75,,
DistanceBenchmarking/Real/HLCA/batches/aorta_100.csv,factoextra,euclidean,51765.69,3195.953347,52654.75,54462.25,52074.5,51344.5,51321.5,51255.5,51826.75,51857,65958.25,51455.25,51215,50773,50448.25,50288.5,50288,50118,53395.5,49967.5,50096.5,50068.5,50072.75,50191,50029.75,53012.5,49967.25,,
DistanceBenchmarking/Real/HLCA/batches/aorta_1000.csv,factoextra,pearson,134353.15,3439.285255,138140.5,135687,135209.5,140182,132141.5,134200.5,135314.5,132196.75,132193.25,134482.25,131873,134844,131986,131998.5,135050.5,132048.25,134696.5,131920,134593,131900.5,134660.75,131974,147267,132319.5,131949.5,,
DistanceBenchmarking/Real/HLCA/batches/aorta_1000.csv,factoextra,euclidean,486743.83,3254.182678,488650.25,486589,485914,485998,485588.25,497639,484605,484260.25,485407,486043,493713.75,485291.75,485246.5,485505.5,485786.5,487349,484071.25,484103.5,485927.25,483893.5,489498.25,485535.25,485027,485351,491602,,
DistanceBenchmarking/Real/HLCA/batches/aorta_100.csv,factoextra,kendall,9314362.72,12297.53339,9311158,9300015.5,9300678.25,9306637.5,9298100,9294546.75,9319441.75,9322470.5,9324384.5,9344127.75,9318694.25,9320301.75,9333589,9320207.75,9319400.5,9324466.75,9308807.5,9317745.75,9310049.5,9306131,9303746,9306261,9307368,9305913.5,9334825.25,,
DistanceBenchmarking/Real/HLCA/batches/aorta_10000.csv,factoextra,pearson,1354863.68,24642.28149,1424129.25,1343848.75,1345384,1349717,1356181.25,1352803.5,1345870,1420977.75,1342951,1343419.5,1347464.5,1348824.75,1341898,1345243.25,1348569.5,1342066.75,1341656.5,1341091.5,1352567.5,1345882,1341134,1346901.25,1340315.25,1350235.5,1412459.75,,
DistanceBenchmarking/Real/HLCA/batches/aorta_10000.csv,factoextra,euclidean,5079951.25,230663.9341,4974407.75,4985690.25,4982395,5032361.75,5598377.75,4991179,5601663.75,4979076.75,4977813.75,4978140.25,5588775.75,4985614.25,5599706,4976211.5,4974459.25,4973413.25,4979940.5,4973048.25,4978816.75,4978744,4977281.5,4984270,4976742.75,4975433.25,4975218.25,,
DistanceBenchmarking/Real/HLCA/batches/marrow_100.csv,factoextra,pearson,2581319.87,44058.32897,2763442.5,2598295.5,2605779.75,2562922.5,2558199.75,2563044,2572272,2553495.75,2552507,2625916.25,2568787.75,2559989.75,2574753.75,2548224.75,2606985.5,2604768,2551132.5,2554392.75,2584765.5,2567725.5,2600621,2593512.75,2559792.5,2553554.75,2548115,,
DistanceBenchmarking/Real/HLCA/batches/marrow_100.csv,factoextra,euclidean,8124432.78,71724.55958,8390650,8216067.75,8198538.5,8182362.75,8183878.75,8116766.25,8133131.5,8101298.25,8135213.75,8085147.25,8100492.5,8078245.25,8136195,8056132,8104391,8108644.5,8102520.75,8120925.75,8124623.5,8074207.75,8071453.75,8085867.5,8055164.25,8028503,8120398.25,,
DistanceBenchmarking/Real/HLCA/batches/marrow_1000.csv,factoextra,pearson,20637572.25,123874.8136,21090223.75,20803256.5,20821123.5,20741786.5,20746794,20698002,20589993,20589875.75,20627008,20584524.25,20589788,20594831.25,20521793.25,20635817,20516197.5,20586061,20597509.75,20588384,20566120.5,20560433.5,20579979.25,20571039.25,20586185.25,20591432.5,20561147,,
DistanceBenchmarking/Real/HLCA/batches/marrow_1000.csv,factoextra,euclidean,128578080,675543.1984,130704556.8,129579621.8,129116856.8,129818363.8,128482003.8,128237576.5,128558073,128340199.3,127902155,127759708,128052361,128977888,128353465,128702704.5,127851787,128456075,128102810.8,128417078.8,129031797.3,128748388.8,128457681,128553680.5,128041851.8,128149123.3,128056193.3,,
DistanceBenchmarking/Real/HLCA/batches/marrow_10000.csv,factoextra,pearson,201727358.7,280823.2974,202048509.5,200937790.8,201720418,201808859,201804418.3,201741869.8,201494401.8,201812971,201876323.8,201279249.3,201812232.8,201758790,202060940.3,201406096.5,201948118.5,202092944.3,201951550.5,201827798.3,201936669.3,201775646,201751813,201813010.5,201200120,201838637,201484789,,
DistanceBenchmarking/Real/HLCA/batches/aorta_1000.csv,factoextra,kendall,915600521.1,243173.4018,916250971.3,915579516,915752046.5,915748782.8,915557843,915748790,915695400,915883891.5,915650223.3,915715752.3,915564297.8,915686794,915644401.8,915863957.3,915962718.3,915599015.3,915297094,915294187.8,915349743.8,915337427.5,915367882.5,915284089,915326227.5,915459017.3,915392957.8,,
DistanceBenchmarking/Real/HLCA/batches/marrow_10000.csv,factoextra,euclidean,966197040.9,6946490.31,955288983.3,950993974.8,952980372.5,964427540.3,962625595.8,964876083.5,963288117.5,962860350.3,965667412.8,965038977,965118096,964962758,964610509.8,964573148,968642629.8,964750314.5,975064801.8,975134892,970563398.3,974644354.3,972941767.5,981169112.3,968417838.3,973012097.5,963272898,,
DistanceBenchmarking/Real/HLCA/batches/marrow_100.csv,factoextra,kendall,1449034958,810911.4327,1449582815,1449252638,1449730940,1449188524,1449054158,1448754089,1448632071,1448908685,1448710182,1448630219,1448467280,1448533033,1448280217,1448829317,1448957909,1448663149,1448403261,1448368532,1448335697,1448244304,1449240213,1449098664,1450249703,1452059834,1449698523,,
DistanceBenchmarking/Real/HLCA/batches/marrow_100.csv,factoextra,pearson,2550592.36,47027.90882,2746779,2594985.75,2579757,2533915.5,2545067.25,2530113.25,2543094.75,2526089.75,2524087,2585901.5,2542227,2523813.5,2527853.25,2526255.5,2580339.25,2535901.75,2518744,2525720.75,2522940.75,2535957.25,2572286.75,2568930,2525288,2525849.5,2522911,,
DistanceBenchmarking/Real/HLCA/batches/marrow_100.csv,factoextra,euclidean,8224748.69,65669.6162,8509440.5,8300691,8226031.75,8224870.75,8225662.75,8168051.75,8218322.5,8175091,8220755.25,8174386.25,8215732.5,8165796.75,8207123.5,8161780.25,8224593.75,8213300.5,8224855.75,8213185,8228866.25,8228494.25,8217008.25,8215459.25,8219090.25,8214746.75,8225380.75,,
DistanceBenchmarking/Real/HLCA/batches/marrow_100.csv,factoextra,kendall,1450706115,1328601.099,1456356989,1453056468,1451340020,1450328252,1449966377,1450522858,1450147023,1449866662,1449964273,1450153089,1450458825,1450339077,1450462451,1450571361,1450153373,1450552992,1450442105,1450617624,1450289965,1450037167,1450375098,1450138428,1450354168,1450680165,1450478062,,
DistanceBenchmarking/Real/HSC/matrix.mtx,factoextra,pearson,410704.55,48272.92229,400357.75,521517.5,388977,383345,382996.75,381304,481200,381053.5,380176.5,383009.5,380946.75,383119.25,381170.25,383680.75,385583.25,383354.25,482563,385550.25,380912.5,387537.5,387534.75,483980.5,385948.5,484583.5,507211.25,,
DistanceBenchmarking/Real/HSC/matrix.mtx,factoextra,euclidean,1291953.52,25356.56118,1297754,1297551.25,1291291.5,1412144,1283344.25,1289068.75,1286712.5,1281963.75,1282953.25,1286790.5,1284885.75,1283329.75,1284887.5,1291732.75,1284933.25,1284180.75,1285023.25,1286719.25,1284344.5,1286972.75,1286264.75,1285254.25,1288557,1287251.5,1284927.25,,
DistanceBenchmarking/Real/HSC/matrix.mtx,factoextra,pearson,3261507.89,40402.79282,3270847.5,3373712.5,3256173.25,3253197.5,3245085.25,3248124.75,3363407.5,3246855.75,3248201.25,3247507.5,3245147,3250220.5,3241395.5,3245821,3243647.75,3239037.75,3249003,3238995.75,3363668.75,3238008,3241212.25,3240502.25,3246497.5,3242076,3259351.5,,
DistanceBenchmarking/Real/HSC/matrix.mtx,factoextra,euclidean,12255305.81,36037.17091,12238925.5,12229125,12219021.75,12349050.75,12227448.5,12227609.25,12256390.75,12243182.75,12248588.25,12251173.25,12247992.25,12242800.25,12374555,12247968.25,12219224.5,12237396,12238829.25,12222687.75,12267844.75,12266951.25,12262652.25,12273028.25,12268893.5,12258249.25,12263057,,
DistanceBenchmarking/Real/HSC/matrix.mtx,factoextra,pearson,32717043.4,42831.23835,32738641.5,32849872.25,32672243.5,32669584.25,32689590.75,32687907.5,32680641.75,32706351.25,32646744.5,32689918.75,32705198.5,32712972,32822598.5,32707186.5,32703221,32712102.5,32742074,32724495.75,32730517.5,32731861.75,32724140,32723955,32709807.25,32726727.75,32717731,,
DistanceBenchmarking/Real/FibroCardRNASeq/snRNA_Heart_counts_matrix.mtx,factoextra,pearson,84980735.32,4150105.303,83024887.75,80894784,91035140.25,89805819,90096968.25,90577479.25,88974873,87902930.25,88407154,88124729.25,88763277,88745181,88062760.75,87889152.5,85136907,80699446.25,80400726.25,80877074.75,80519862,80815326.5,80732450,80753861.5,80712788.25,80937374.75,80627429.5,,
DistanceBenchmarking/Real/HSC/matrix.mtx,factoextra,euclidean,172882725.1,56623088.82,148411615.3,148643377,148692519.5,151262196.3,151170641.8,151312367,148857592.8,296245948.8,308454946,313498410,279429182.3,148014181,147409869,148042414,149182868.8,148215292.8,148337362.3,149406351.8,149163136.3,147677987.8,148251962.8,147925966.5,148800242.5,148652563.3,147009133.5,,
DistanceBenchmarking/Real/HSC/matrix.mtx,factoextra,kendall,229363263.5,2850461.412,226588905,232625697,231241830.5,233210506.5,233878615.8,232374688,233675904.5,231737626.5,230834157.5,232210792.5,233220882.8,231394407.5,228650574.5,226864924.3,226944019,227058828.3,226670709.3,226697875.3,226885164.3,227000880.5,226944363.3,226861034,227097527,226734361.3,226677312,,
DistanceBenchmarking/Real/FibroCardRNASeq/snRNA_Heart_counts_matrix.mtx,factoextra,euclidean,249185696.7,5597513.345,254999981.3,270163640.3,261355044.3,252489559.8,252566636,247699125,247932346.3,247916974.8,246945815,246846691.5,246646711.3,246784586.8,246646100.3,246802881.8,246552047.8,246922290.5,246496391.3,246922220.3,246622175.8,246776130.3,246660633.3,246819992,246665335,246757131.5,246651976.8,,
DistanceBenchmarking/Real/FibroCardRNASeq/snRNA_Heart_counts_matrix.mtx,factoextra,pearson,707765107.7,12022637.61,688078026.5,695500581.3,717305385.5,715289898.8,714580804,705177180.3,714706316.5,709334826.8,706745054,675464730.3,717040689.3,708996322.8,706026624.5,714265775,701859393.8,714246156,713526562.3,715811586,717249912,711103942.8,716876648.8,676199885.3,706372480.3,717489081.8,714879828.5,,
DistanceBenchmarking/Real/FibroCardRNASeq/snRNA_Heart_counts_matrix.mtx,factoextra,euclidean,3526395513,76097451.17,3415770819,3382340174,3348743716,3349221010,3527192766,3526486341,3532380331,3553731501,3553330307,3545296939,3536670486,3536047127,3543655718,3545032696,3556615295,3618037430,3601801709,3625477351,3593096877,3591209269,3594920283,3526791077,3501188408,3499761472,3555088729,,
DistanceBenchmarking/Real/FibroCardRNASeq/snRNA_Heart_counts_matrix.mtx,factoextra,pearson,6496811111,169689380.9,6208171654,6365707615,6540433457,6532478481,6626982257,6366031275,6363542049,6759339655,6395382808,6530498068,6330449168,6688396801,6422700052,6439687086,6823855939,6438678574,6850132088,6601225484,6369099211,6329318224,6402756899,6392112421,6751966725,6418112097,6473219688,,
DistanceBenchmarking/Real/HLCA/lung.csv,GPU,euclidean,27263187.22,736745.5871,27426227.75,26790923.25,27761004.5,26361981.5,27387263.75,26329885,28704750.5,26991101.25,27814238.25,27462351.75,27033156.25,26769076.5,27235756,28872090.75,27047795,27301638.75,26169422.75,26473653.75,26995793.75,28153279.25,27902006.75,28026865,26636785.75,27727204.5,26205428.25,,
DistanceBenchmarking/Real/HLCA/lung.csv,GPU,kendall,49239547.36,5238398.182,54894098,57626798,51230390.5,47829160,43480631,44568904.25,45319955.25,48851298.75,59245811.25,58138579.5,49899449.75,42664001.5,43223614.25,43625347.75,48448847,55843678.75,55053763.25,52842507,45832858,46868510.5,41698922,47434410.25,49130174.5,51777166,45459807,,
DistanceBenchmarking/Real/HLCA/Marrow.csv,GPU,kendall,24674603.47,852562.5982,25353238.5,24953487,23760063.5,25146761.75,23446328.5,24533442,24026475.5,23523734,25441081.5,24051441,25349825.25,25185977,23548928.5,26116056.25,24700482.25,25460032.75,24572101.25,25027251.25,23723149.75,24937245.75,26013344,22850038,25469944.25,24803662.25,24870995,,
DistanceBenchmarking/Real/HLCA/aorta.csv,GPU,kendall,56539562.06,1824143.252,52526359.25,56003157.25,57793420,57694028.5,55084240,55742683,54732073.5,58216355.25,58758526.25,58398656.75,56176657,56740046,56540705.75,56297462.25,58060050,56115167.5,60688681.75,53448471,56469928,54582328,55916938.25,57641872.5,55087113.25,58947960.75,55826169.75,,
DistanceBenchmarking/Real/HLCA/Marrow.csv,GPU,euclidean,40118001.63,3295761.546,51559081.5,48978908,42257798,38676768,39951499,41175097.75,40276476.25,39933994,39900991.5,39611932,38612342.75,37959557.5,40182715.75,39034874.25,40692384.5,38449939.25,37756773.75,37889594,38067391,38937238.5,39791752.75,39668720,38110063.75,37539436.5,37934710.5,,
DistanceBenchmarking/Real/PBMC/B_T_count_matrix.csv,GPU,kendall,16742119.38,256333.9994,16412327.75,16794980.75,16985156.25,16891839.5,16568021.25,16617998,16649313.75,16928149.75,16694116.25,16443310,16739932.75,16930371,16553346,16397481,17295942.5,16948677.25,16715323.5,16638704.75,17041772.5,16859595.75,16481619,16543897.5,16947758.25,16289652.25,17183697.25,,
DistanceBenchmarking/Real/PBMC/B_T_count_matrix.csv,GPU,euclidean,16759042.9,241444.0756,16990085.5,16636658.75,16819912.25,17134234,16569759.75,16622259.5,16566117,16924336.25,16776623.75,16364857,16656592.25,16928407.75,16638617,16391904.25,17218359.75,17199543.25,16547077.25,16712731.25,16799393.75,17033100,16477961.5,16540653.25,16854520.5,16617518,16954849,,
DistanceBenchmarking/Real/PBMC/B_CD8_T_count_matrix.csv,GPU,kendall,13406654.9,1314559.691,10663029.5,11860281.75,12903649.75,14705676,12729222.25,12716144.25,13564717.5,15681499,15121034.75,12290953,12942441.5,13283849.25,15484567.5,14099088.5,11947416.25,12839635.25,12968376.25,14916892.5,12454286,12678645.25,13537665.5,15892475,14319302.75,13004625.5,12560897.75,,
DistanceBenchmarking/Real/PBMC/B_CD8_T_count_matrix.csv,GPU,euclidean,16975922.38,620083.2875,17250342.5,17281661.25,16985957.25,17630944.5,17680131.5,17473763,17237838,17151589.5,17165066.75,17521376.5,17115810,17213882.5,17273641.25,16956154.5,17780108,17574240.25,17211546,17041656.75,16893710.75,16261112.75,15651536,16067765.75,16349524.5,15949511,15679188.75,,
DistanceBenchmarking/Real/Camp/GSE75140_hOrg.fetal.master.data.frame.txt,GPU,kendall,293958.36,1393209.638,6980740,70139.75,12410.5,9358.75,7335.75,8734,7415.5,12099.5,62838.5,6338.5,6327,10331,10653.25,6208.25,6281,8151.5,6118.25,6136.75,8115.25,6084.75,8042.75,5852.5,7742.5,63028.25,12475.25,,
DistanceBenchmarking/Real/Chen/GSE87544_Merged_17samples_14437cells_count.txt,GPU,kendall,8924591.16,1400042.072,15634242.5,8793040.5,8743102.25,8786222.5,8776098.25,8688252,8788735,8609226.5,8593831.25,8680298,8549972.25,8629651,8679536,8585677.75,8652737.75,8625963.25,8607003.5,8599909.75,8556579.75,8627086.5,8548631.75,8581983.5,8616489.75,8617544.5,8542963.25,,
DistanceBenchmarking/Real/HSC/matrix.mtx,GPU,kendall,348212.99,1593414.078,7996596.75,28685.75,30967,31477,31323.25,31098.75,31207.25,31184.25,28736.5,28986,28548.75,29161.5,28726.25,28401.5,29630.25,28566.5,29818,28629,29706.75,28771.5,29565.75,28610.25,29580.25,32812,24534,,
DistanceBenchmarking/Real/HSC/matrix.mtx,GPU,kendall,2822657.84,1578686.295,10399161.25,2514575.75,2503637,2497050,2505945.5,2631111.75,2508043.75,2524349.25,2522895.5,2506559,2514314,2481118.25,2487572.75,2489714.25,2491245.25,2488077.75,2495909.5,2504718.5,2490393.75,2496487.25,2502927.5,2497060.75,2505771,2501284.5,2506522.25,,
DistanceBenchmarking/Real/FibroCardRNASeq/snRNA_Heart_counts_matrix.mtx,GPU,kendall,4847326.9,1553379.124,12191415.25,4840875.75,4859640.75,4912446.75,4901802.25,4927552.75,4949556.25,4926004.75,4951065.25,4600523.25,4294990.25,4332769,4304328.5,4506875.5,4291170,4310407,4331186.5,4352167.75,4350602.5,4353360.75,4353556.25,4355450.5,4330518.5,4327746.25,4327160.25,,
DistanceBenchmarking/Real/HSC/matrix.mtx,GPU,kendall,328834302.9,1650828.641,336475740.8,328464109,328319867,327833192.8,327727021.3,328788390.5,327993591.3,329123975,328599513,329136107.5,328528026.3,328438548,328933243.3,328934892.3,329398763.3,328452597.5,329053141.8,328015459,328030673.5,328720652.8,328322455.3,328039348.8,328418413.3,328789738.5,328320112,,
DistanceBenchmarking/Real/FibroCardRNASeq/snRNA_Heart_counts_matrix.mtx,GPU,kendall,596010514.1,1740599.35,604087182,596616304.8,596118834.8,596464305,596895363.8,596049378.5,595702868.5,595787592,595732564.5,595591809.8,595401399.8,595520222.8,595447411.5,595521598.5,595230315.8,595442174,595412567.5,595460821.3,595285622,595406678.3,595300104,595279352.8,595249188.8,595908659,595350534,,
DistanceBenchmarking/Real/Organogenes/gene_count.txt,GPU,kendall,8857845.88,1259936.954,11060435,11018085.75,13140142.5,7943415,8498324,8027085.25,9891427.75,7875388.75,8170160.75,9843714.75,7998127.25,7877635.5,9056240.25,7823636,8708852,7847235.75,8385252.75,8358427.25,8656918.5,8896738.25,8476989.5,8520012.25,8467857.75,8431963.75,8472080.75,,
DistanceBenchmarking/Real/Organogenes/gene_count.txt,GPU,kendall,91599060.89,6565199.465,85231962,88977181.75,84689919.25,93325924.5,91778230.75,83607394.5,80372046,82897528.5,81765851.25,88674825.25,92819991.25,91307978,88901784.5,92210308.5,97381044.75,94531342.5,105427841.3,94021902.5,93479027.5,102484678.5,93985787,93420229.5,104924983.8,93912422.75,89846336.25,,
DistanceBenchmarking/Real/Organogenes/gene_count.txt,GPU,euclidean,5429876.76,1119246.279,10794230.25,5239937,5416842.5,5164895.75,5161540.75,5121265.75,5227174,5159768.5,5151260.25,5264111.75,5159088,5161186.75,5260453.75,5151989.75,5231324.25,5166075.5,5199357.5,5180390.25,5198910.5,5179533.25,5187215.75,5191115.25,5250036,5239867,5289349,,
DistanceBenchmarking/Real/Organogenes/gene_count.txt,GPU,pearson,6782317.22,1624049.959,14571640.75,6444746.25,6666930,6377329,6328220.25,6413428.5,6472494.75,6403195.5,6407506,6525081.5,6421731.75,6414331.25,6528233.25,6426246.75,6496428.75,6433826.75,6456874.25,6450462.5,6527314,6515500.5,6466522.75,6465500.75,6442568,6449330.25,6452486.5,,
DistanceBenchmarking/Real/HSC/matrix.mtx,GPU,euclidean,326427.4,1583898.333,7929134.75,7215.5,9447.5,9414.25,9523.25,9822.25,9862.25,9277.25,9483.5,9772,9738.5,9782.75,9769.75,9726.25,9799,9797.25,9508.75,9617.25,9948,9795,9917,9803.75,9850,16086.75,4592.5,,
DistanceBenchmarking/Real/HSC/matrix.mtx,GPU,pearson,333569.26,1592019.453,7975257.5,11838.25,15692.25,15020,15255,15257.5,15262.75,15092,15096,15156,15156.5,15235.25,15044.75,15093,16198,15035.25,15059.5,15153.75,15118,15281.75,15337,15462.5,15337.75,21725.75,10065.5,,
DistanceBenchmarking/Real/HSC/matrix.mtx,GPU,euclidean,511465.58,1605298.763,8215512.5,214901.5,195795.75,183218.75,193920.75,328749,190452.25,204508,193182,176487.75,184327,176984.25,182158.75,180004.25,178206.5,176019.5,175887.75,185691,176253.5,175972.75,185892.25,176040.75,181115,175950.25,179407.75,,
DistanceBenchmarking/Real/HSC/matrix.mtx,GPU,pearson,864504.66,1610134.684,8591876.5,566039,547748.5,535002.5,545192.5,674689,543817,556077.5,542578.5,526757.25,535272.25,528993.75,540161,536536,528945.25,527058.75,526024.25,538615.25,526625,527328.75,539608,526728,536229,532222.25,532490.75,,
DistanceBenchmarking/Real/FibroCardRNASeq/snRNA_Heart_counts_matrix.mtx,GPU,euclidean,325099.82,1284376.977,6488437.75,72548,73222,85228.25,73805.5,74034,71262.5,47705.5,56750,47534.25,48967.5,71178.5,47780.25,198487,47586.25,47338.5,59581.75,74624.5,74199,74227.5,73496.25,74594.25,49953.75,47275.5,47677.25,,
DistanceBenchmarking/Real/FibroCardRNASeq/snRNA_Heart_counts_matrix.mtx,GPU,pearson,351587.68,1277717.28,6483300.25,101736.25,103868.25,111229.75,105539.25,104292,102900,78049.75,86158,76843.75,78265,100119.75,76430.25,208642.75,76477,75665.5,87760.25,100461.25,101598.5,101421.5,101393.5,101308,76269,75445,74517.5,,
DistanceBenchmarking/Real/FibroCardRNASeq/snRNA_Heart_counts_matrix.mtx,GPU,euclidean,1486325.31,1261071.535,7508810,1049349,980697.75,1038002.75,1302677.25,1176512.5,1072555.75,1120890.5,1408975,1282533.25,1142526.75,1328542,1283362.75,1319295,1301553,1306226.75,1311591,1321883.75,1319609.5,1387388,1387976.5,1396260,1171661.5,1057631.25,1181621.25,,
DistanceBenchmarking/Real/FibroCardRNASeq/snRNA_Heart_counts_matrix.mtx,GPU,pearson,3146566.51,1313641.156,9443652.5,2956082.75,2826529,2805332.75,3058585.25,2921374.5,2809961.5,2862358.5,3045222.75,2855642.5,2803195.25,2859724,2735123.75,2886730.75,2870522.5,2900370.5,2880257.75,2886503.5,2886404,2885471,2905990,2887002.75,2894673,2903357,2894095,,
DistanceBenchmarking/Real/HSC/matrix.mtx,GPU,euclidean,21246505.62,1759065.089,29383234.25,20848064.75,20917397.75,20835217.75,20850715.5,20840078.5,22493893.25,21057665.75,20907308.5,21052936,21032234.75,21049587.75,21798543.25,21017054.75,21609403.5,20439395,20638082,20471207.75,20472128.25,20471879.5,20633671.25,20515929.75,20709122.25,20645903.25,20471985.5,,
DistanceBenchmarking/Real/HSC/matrix.mtx,GPU,pearson,52758338.27,1900171.956,60619338.25,53003084.5,52529973.5,52769906.5,55803918,50955310,51605997.5,51633598.75,52609135,53268496.75,53279149.75,53759169.5,53234291,52489692.75,52378133.5,51985588.5,52038293,51749997.25,52037712.75,51955965.75,51837490.5,51532357.5,51964877.75,52151552,51765426.5,,
DistanceBenchmarking/Real/FibroCardRNASeq/snRNA_Heart_counts_matrix.mtx,GPU,euclidean,36569450.81,5818851.273,50349906.5,44527996.5,43933578.5,43321852.25,43718199.25,43222284.5,48709009.5,34235595,34102040.75,32872034.75,32857785.5,32484968.5,32963450.25,32860590,32922841.75,32861867.25,32848778.75,32623291.75,32955141,32889218.75,33048661.75,33086509.25,34150538.25,33624305.75,33065824.25,,
DistanceBenchmarking/Real/FibroCardRNASeq/snRNA_Heart_counts_matrix.mtx,GPU,pearson,186136829.6,5722285.522,188722193,183493278,182533897,182050147.5,212480083.8,181725194.8,182554996.3,185868976.3,185974263,186636558.8,186945158,186846695.8,186150570.3,185545104.8,185388983.3,185731586,185506636.3,185616501.5,184617970.5,184649780.8,184486604,184799108,184912023,184708102,185476327.3,,
DistanceBenchmarking/Real/FibroCardATACSeq/counts.mtx,GPU,euclidean,221383.86,73917.0887,538910,198898.5,198195.75,198105,210485.25,218090.25,197617.25,197298,227707.75,197557.75,198472.5,361818.25,198017.75,197969.5,197435.25,197919.75,197918,197997.25,197914,197821.75,197727,199054.5,215266.25,198279.25,198120,,
DistanceBenchmarking/Real/FibroCardATACSeq/counts.mtx,GPU,pearson,289277.31,72047.47643,607344,267757.25,269200.25,267949.25,281543.5,269349.75,268475,269807.25,274907,266979.75,267904.75,409966,267311,270732.25,268158,269222.5,267791.5,269634.25,270624.5,268407.75,268337.25,267017.75,286077.25,269816,267619,,
DistanceBenchmarking/Real/FibroCardATACSeq/counts.mtx,GPU,euclidean,2243634.92,91475.17556,2602734.75,2219779.5,2331107,2207068.25,2207413.75,2207416,2207667.25,2206703.25,2209045.5,2215156,2208084.75,2207603.5,2207058.25,2207162.75,2205790.25,2205150,2205233.5,2206666.75,2205487.25,2205647,2209231.75,2218794,2219234,2381751.5,2383886.5,,
DistanceBenchmarking/Real/FibroCardATACSeq/counts.mtx,GPU,pearson,8663445.5,583820.5396,7972750.5,7870715,7892694.75,7740158.5,7751396.75,8227654.25,8219541.75,8290448,7987070.5,8620232.5,8943306.75,8999760.5,9189771.75,9162133.25,9341768,9087452.5,9062856.75,9220403.75,9226750,9255697.25,8892868.5,9340883.5,9473985.5,8500313.5,8315523.5,,
DistanceBenchmarking/Real/FibroCardATACSeq/counts.mtx,GPU,kendall,35340036.68,604616.0501,35042940,34918603.75,34999782,35132940.5,35099852.5,35257238,35237831.75,35253821.75,35200716.75,38132331.5,35149425.5,35326147.25,35297517,35198884.5,35169596.5,35123759.5,35183111,35161820.25,35179071.75,35799969.75,35301535.75,35294356.75,35436049.75,35359023.5,35244589.75,,
DistanceBenchmarking/Real/FibroCardATACSeq/counts.mtx,GPU,euclidean,87754261.27,6531717.554,99958054.75,103450458,95046196.25,87915314.75,87050072,98608277.25,92605221.25,84076911.5,80388277,81973504.25,81800555.5,84294142.25,84761443.25,86000787.75,85391811.75,85889495.75,85831115.25,85945599.25,86780286.5,87214863,86569781,98850809.75,81191408.75,81533739.25,80728405.75,,
DistanceBenchmarking/Real/FibroCardATACSeq/counts.mtx,GPU,pearson,846334640.6,17427073.32,845494405.8,839315644.8,833754053,831911033.3,834247472.8,836819860.3,840233187.8,843305308.3,837681853.3,828874731.8,833297975.5,838148791.8,829633339.3,831993511.5,841179720.3,870122225.3,866276901.3,841649890.8,850477754.8,846171790.8,859600289.5,899930772.8,840394216.3,855612235,882239048.8,,
DistanceBenchmarking/Real/FibroCardATACSeq/counts.mtx,GPU,kendall,3536424710,2259397037,5297433927,4816020103,4813275504,4812352757,4840397812,4867904180,5024727920,4816660773,4817954873,4814725659,4814096941,4812637955,4813007729,4813226278,4812610928,4811250233,4813428262,5785782349,1884382.75,1855223,1855868.5,1939399.75,1859572,1867293.5,1861819,,
DistanceBenchmarking/Real/TCells/TagCount.txt,pandas,pearson,12.63629534,5.532839017,9.533550739,14.79754567,29.38940907,14.19333386,12.74034119,27.16630411,12.92281795,14.47719932,14.47942328,16.23645902,20.95706797,9.753041267,8.743529558,9.753227234,8.681463242,9.737224817,8.714969873,9.745424986,8.687982559,9.726311207,8.66266942,9.752796888,8.657985687,9.718578577,8.678725958,29.38940907,8.657985687
DistanceBenchmarking/Real/TCells/TagCount.txt,pandas,kendall,4038.966048,61.0581651,4032.043535,4006.603463,4032.958406,4000.020487,4005.116186,4005.382453,4019.844572,4019.072892,4023.475546,4027.32933,4023.082198,4022.642616,4021.308602,4028.190685,4015.382613,4023.480072,4029.774297,4026.253602,4045.298078,4034.588781,4038.63226,4327.889574,4049.700096,4038.340355,4077.740503,4327.889574,4000.020487
DistanceBenchmarking/Real/PBMC/B_CD8_T_count_matrix.csv,pandas,pearson,217.4093649,16.66345949,248.3115692,238.5337403,237.014955,226.7402074,205.8418412,219.1723323,202.8563828,204.0590541,255.9422946,204.5068424,247.1273062,207.321424,202.4233015,213.2857339,222.8534884,205.7470722,203.0768797,230.1919067,201.4042354,202.9795272,211.3566296,201.1714225,226.9522312,200.9733729,215.3903713,255.9422946,200.9733729
DistanceBenchmarking/Real/PBMC/B_T_count_matrix.csv,pandas,pearson,582.9332671,6.785891262,598.1377149,610.3716156,586.6231556,580.4920435,579.5592957,580.7346389,579.5256193,581.99615,582.1177244,580.0769846,579.6278207,584.2294986,585.9600081,580.4556708,580.327245,580.4312441,579.1468527,580.3107815,579.456208,581.3564878,579.8519421,579.2636328,580.8377631,580.9986701,581.4429097,610.3716156,579.1468527
DistanceBenchmarking/Real/PBMC/B_CD8_T_count_matrix.csv,pythonic,kendall,630.2696128,7.855813301,631.330097,630.272351,629.057972,631.3051939,628.3888702,626.2925956,632.835777,629.730701,625.5768738,628.4913092,627.4744337,625.9846623,625.4170728,634.6018903,628.2286663,626.8037269,627.0244424,634.5634654,626.9737678,628.7819896,627.6562402,627.98366,626.4561527,628.7405868,666.7678216,666.7678216,625.4170728
DistanceBenchmarking/Real/PBMC/B_CD8_T_count_matrix.csv,pythonic,pearson,634.4923063,6.999494847,637.415767,637.6236086,636.0102589,639.7478993,636.4169354,637.7760096,639.8402174,634.2336328,634.5178156,632.4696202,628.8206141,630.2519512,629.2704754,636.4272616,628.7829459,633.967267,629.092283,631.0380082,630.1444721,632.8779554,634.8392353,627.6685786,628.1576958,631.1858048,663.7313452,663.7313452,627.6685786
DistanceBenchmarking/Real/PBMC/B_CD8_T_count_matrix.csv,pythonic,euclidean,639.4792703,5.952727476,643.3657234,643.0198627,642.3155856,644.3869195,640.0932844,639.407995,642.3771949,642.9340782,635.3753443,636.5277381,638.4901719,636.1707838,638.6175277,642.3248794,638.6454434,638.3915637,636.7719095,636.3130012,633.7255139,636.2071049,635.4441905,636.3677988,633.0690157,632.9464085,663.6927192,663.6927192,632.9464085
DistanceBenchmarking/Real/PBMC/B_T_count_matrix.csv,pythonic,kendall,692.0436886,2.828490673,683.3774831,693.4281659,690.7458351,689.3090763,689.3886983,690.0119104,698.4243844,693.7739918,690.4025586,691.565726,695.4769967,692.2761474,692.6653519,691.4862239,692.0175509,690.6067867,692.0497985,690.5693085,691.0190208,693.6758273,692.9449267,696.9875381,695.1837294,692.2659988,691.4391801,698.4243844,683.3774831
DistanceBenchmarking/Real/PBMC/B_T_count_matrix.csv,pythonic,euclidean,697.6744012,2.235884317,698.4972343,705.2473357,696.5202069,697.10763,694.4292257,698.8646178,696.961369,697.437253,697.2948163,698.6116898,698.5091882,697.606549,703.0338087,698.9371684,696.9830577,696.3581126,694.6156373,696.3547432,697.0861123,697.3729527,695.6745043,696.1337614,696.8850062,697.6247008,697.7133491,705.2473357,694.4292257
DistanceBenchmarking/Real/PBMC/B_T_count_matrix.csv,pythonic,pearson,703.5000087,3.73953782,715.7916329,709.0788555,707.2441354,703.4937556,701.9302125,702.3305364,708.0819135,700.0390737,700.4793963,699.1122739,700.5416536,700.4708915,705.8052478,701.3097739,700.7337911,699.0706844,701.9562352,699.7821789,706.9330282,704.6670847,704.9331894,702.6252377,703.5754218,703.21961,704.2944031,715.7916329,699.0706844
DistanceBenchmarking/Real/PBMC/all_count_matrix.csv,pythonic,pearson,754.0430776,9.582549603,753.180645,757.404068,762.0528777,762.6409879,759.7037466,756.3355227,761.5028081,751.8714347,753.057023,752.4896367,752.5009265,752.1996582,751.2805438,763.3618026,757.1672618,754.2150578,754.2484193,752.0430717,752.6146119,751.894434,783.8196156,741.394701,746.5071161,733.358264,734.2327056,783.8196156,733.358264
DistanceBenchmarking/Real/PBMC/all_count_matrix.csv,pythonic,euclidean,773.8962568,77.65761207,758.926095,773.4909842,757.6474822,753.0989933,756.5555406,765.4012418,755.2636924,780.461453,765.5147407,761.5752358,754.7027657,749.5037589,770.9531155,769.4687018,748.1970866,748.493751,763.7914338,751.3213484,754.1123714,752.615797,759.6865835,758.3092771,750.4559777,736.2141826,1151.64481,1151.64481,736.2141826
DistanceBenchmarking/Real/PBMC/all_count_matrix.csv,pandas,pearson,864.5954249,80.610579,866.2863083,852.8569608,848.5018597,845.7507496,846.4466269,847.7196922,845.8926523,848.1296992,859.9908609,846.8825657,847.1735747,845.5115435,848.1457696,845.2649946,845.7832966,848.7366679,847.1296458,844.0178528,859.7641976,844.0223556,845.0184882,1258.520239,843.7094536,842.1503749,841.4791923,1258.520239,841.4791923
DistanceBenchmarking/Real/HLCA/aorta.csv,pandas,pearson,390.6920731,20.17335096,392.1832304,458.3515284,405.2896891,446.112272,420.3297019,383.1655126,383.9841919,382.5201988,381.8676605,382.0195401,382.1482542,381.5893817,382.3390818,381.9173675,382.5379338,382.4640791,382.4078293,382.595592,382.5006588,381.6371372,382.3274291,381.8525467,381.7385948,381.8205383,381.6018786,458.3515284,381.5893817
DistanceBenchmarking/Real/PBMC/B_CD8_T_count_matrix.csv,pandas,euclidean,1123.614877,9.287353798,1137.199728,1148.378777,1136.075007,1123.880366,1125.618073,1107.319454,1122.97106,1118.696257,1116.267869,1113.805371,1117.902103,1118.8954,1119.663048,1145.982798,1118.401908,1118.490662,1117.022315,1122.73122,1123.893459,1122.789055,1126.541185,1126.052088,1117.588043,1126.238727,1117.96795,1148.378777,1107.319454
DistanceBenchmarking/Real/PBMC/B_T_count_matrix.csv,pandas,euclidean,1312.903236,82.38625114,1292.112861,1327.50932,1290.600539,1301.084946,1298.554077,1299.913238,1302.848343,1306.731142,1298.998878,1291.816837,1295.526342,1292.861208,1292.546334,1299.823325,1713.850858,1283.864058,1284.733469,1290.367599,1316.349346,1290.589994,1289.586085,1292.055681,1289.425161,1288.24317,1292.588079,1713.850858,1283.864058
DistanceBenchmarking/Real/PBMC/all_count_matrix.csv,pandas,euclidean,1449.141398,80.09176739,1441.550497,1442.608202,1438.00054,1440.322753,1441.143889,1440.435466,1438.549271,1447.096171,1444.600797,1443.752233,1448.60111,1437.062435,1838.201914,1422.420867,1421.865007,1416.000579,1419.415461,1416.90869,1422.202196,1430.88993,1431.903225,1417.891392,1437.976768,1431.681519,1417.454039,1838.201914,1416.000579
DistanceBenchmarking/Real/HLCA/lung.csv,pandas,pearson,1597.740072,30.77031274,1731.67282,1660.683241,1592.447322,1591.242359,1591.841741,1593.590559,1590.368078,1590.604064,1585.825882,1585.780462,1587.19384,1589.234355,1588.67395,1589.932113,1588.232035,1587.985142,1588.175387,1589.58519,1589.513149,1588.715484,1589.234356,1587.395487,1587.003764,1588.577614,1589.993397,1731.67282,1585.780462
DistanceBenchmarking/Real/Chen/GSE87544_Merged_17samples_14437cells_count.txt,pandas,pearson,1.152668934,0.021300343,1.211750269,1.146045923,1.134997845,1.151322365,1.138269901,1.141044378,1.135618687,1.144860506,1.137731552,1.145783186,1.139870882,1.143547297,1.140720367,1.140745878,1.133557796,1.145991087,1.135204077,1.142163277,1.148584604,1.175045967,1.168080091,1.199178696,1.153379202,1.198613882,1.164615631,1.211750269,1.133557796
DistanceBenchmarking/Real/Camp/GSE75140_hOrg.fetal.master.data.frame.txt,pandas,pearson,0.001452198,0.000510251,0.003470898,0.002335548,0.002180576,0.001988173,0.001265287,0.001264811,0.001250744,0.001285791,0.001275301,0.00129509,0.001228809,0.001261711,0.001238346,0.00125742,0.0012393,0.001277447,0.0012784,0.001260996,0.001229286,0.001228333,0.00122714,0.001235247,0.001224041,0.001254797,0.001251459,0.003470898,0.001224041
DistanceBenchmarking/Real/Camp/GSE75140_hOrg.fetal.master.data.frame.txt,pandas,euclidean,0.898324318,0.007601948,0.920850754,0.914058208,0.916128159,0.887155294,0.889994383,0.89888382,0.897418261,0.897515297,0.897263288,0.89452529,0.897538424,0.900243521,0.896022797,0.891563654,0.895273924,0.895126104,0.897578955,0.89457798,0.895713806,0.897303104,0.902498007,0.896311522,0.896061659,0.895704031,0.892797709,0.920850754,0.887155294
DistanceBenchmarking/Real/Camp/GSE75140_hOrg.fetal.master.data.frame.txt,pandas,kendall,0.892857466,0.008030801,0.903146982,0.890312433,0.899587154,0.892393589,0.885569811,0.885034561,0.886423349,0.899312735,0.883057356,0.882156849,0.893358707,0.886115313,0.896120548,0.878646135,0.894914627,0.878465414,0.897090197,0.89505744,0.897224903,0.885159969,0.902276754,0.899376154,0.904648781,0.903190374,0.902796507,0.904648781,0.878465414
DistanceBenchmarking/Real/Camp/GSE75140_hOrg.fetal.master.data.frame.txt,pythonic,euclidean,1.903950968,0.048233471,1.927873135,1.931696653,1.789428234,1.894430161,1.839681149,1.852504969,1.952519417,1.853102684,1.885141373,1.853157759,1.993633986,1.964753151,1.992793322,1.876547337,1.925153971,1.879070759,1.924243927,1.872771263,1.8992033,1.937297106,1.885058641,1.863736868,1.935292721,1.927022934,1.942659378,1.993633986,1.789428234
DistanceBenchmarking/Real/Camp/GSE75140_hOrg.fetal.master.data.frame.txt,pythonic,kendall,1.92455204,0.058878473,2.123995066,1.880031586,1.89853549,1.96804285,1.911478043,1.885255575,1.908702135,1.885285854,1.921951771,1.946374178,1.92951107,1.882521868,1.918843508,1.897408724,1.993344307,1.981382608,1.88584733,1.843167305,1.903331518,1.883286238,1.999408484,1.922690868,2.001836538,1.861070871,1.880497217,2.123995066,1.843167305
DistanceBenchmarking/Real/Camp/GSE75140_hOrg.fetal.master.data.frame.txt,pythonic,pearson,1.942400932,0.054332875,2.069613457,1.910823822,1.926119804,1.913493633,1.94614625,1.858394146,1.871479034,1.96643734,1.947317839,2.051064491,1.995349407,2.00985527,1.9065938,1.898237944,1.933331728,1.996982098,1.973064184,1.965569735,1.914297342,1.890709639,1.913035393,1.917425632,1.989747047,1.945725441,1.849208832,2.069613457,1.849208832
DistanceBenchmarking/Real/Chen/GSE87544_Merged_17samples_14437cells_count.txt,pandas,kendall,899.0900991,5.5022123,890.0564003,888.5782442,904.426753,895.4592471,898.6253068,906.4996045,891.389142,898.3565867,905.8475986,907.4775157,903.157896,895.4514213,898.8675885,902.0104225,905.9877203,901.8515456,896.560529,895.105094,898.9633131,901.1906276,891.976748,898.8608673,902.7613499,891.5594144,906.2315412,907.4775157,888.5782442
DistanceBenchmarking/Real/Chen/GSE87544_Merged_17samples_14437cells_count.txt,pandas,euclidean,900.0746422,5.364643654,909.2674649,891.6991467,896.9654818,899.7276762,904.1933126,897.9430101,904.0778744,904.7917221,907.3287668,901.0670495,892.1780295,895.8668244,893.4170158,894.3724296,894.1578684,896.7907927,905.9843273,907.6787646,895.6428308,908.3230562,897.0772426,906.5880404,897.6093984,900.0658948,899.0520337,909.2674649,891.6991467
DistanceBenchmarking/Real/HLCA/aorta.csv,pandas,euclidean,3001.037221,17.39639811,3068.088836,3036.118897,2994.202762,3000.893843,2989.078481,3001.816462,3001.44919,3009.748473,2989.477656,3001.580642,2995.106468,2992.139141,2989.369337,2986.770199,2985.299621,2996.5386,3003.653381,3009.386898,2998.217279,2997.840805,3014.043774,2993.315881,2996.257538,2990.805692,2984.730668,3068.088836,2984.730668
DistanceBenchmarking/Real/Chen/GSE87544_Merged_17samples_14437cells_count.txt,pythonic,kendall,1756.15563,19.17752576,1725.97808,1836.545888,1742.150047,1745.4775,1756.245244,1772.089901,1745.23719,1746.427549,1739.393179,1743.608402,1756.642222,1761.707381,1745.601117,1744.081126,1755.840479,1759.819344,1752.614534,1772.066985,1756.821921,1756.477528,1754.005141,1757.331123,1758.181515,1760.26832,1759.279038,1836.545888,1725.97808
DistanceBenchmarking/Real/Chen/GSE87544_Merged_17samples_14437cells_count.txt,pythonic,euclidean,1797.054182,17.09728493,1744.05356,1765.659241,1777.632401,1799.301918,1805.237306,1822.086103,1806.49126,1803.364253,1808.94993,1801.009694,1803.220876,1829.115654,1809.235529,1788.212673,1797.975218,1795.117036,1790.711115,1791.065043,1820.113071,1790.14896,1789.029971,1794.818521,1792.796736,1793.892478,1807.116,1829.115654,1744.05356
DistanceBenchmarking/Real/HLCA/lung.csv,pandas,euclidean,3689.505381,101.2794706,4109.013625,3617.734252,3627.322402,3633.00023,3660.049914,3645.284273,3635.821199,3656.626948,3654.217306,3647.174356,3654.103045,3651.96264,3665.658846,3715.651569,3675.780738,3678.193203,3686.314986,3671.077327,3653.257721,3649.709973,3658.788142,3650.934952,3659.77787,3873.796635,3806.382382,4109.013625,3617.734252
DistanceBenchmarking/Real/HLCA/Marrow.csv,pandas,pearson,4668.936218,83.2500409,5073.388998,4647.344453,4642.904641,4647.681524,4645.144201,4650.442195,4642.527146,4650.440194,4652.009941,4651.424395,4697.130556,4649.37313,4656.89982,4652.189769,4652.772112,4668.078199,4657.950229,4658.443784,4648.537544,4647.139577,4645.871203,4646.311352,4646.002352,4646.653182,4646.744945,5073.388998,4642.527146
DistanceBenchmarking/Real/HLCA/Marrow.csv,pandas,euclidean,5157.932974,158.573637,5490.454492,5595.548619,5112.739203,5445.47517,5384.16859,5320.937175,5308.201693,5090.281821,5088.229975,5103.797439,5099.911095,5107.857467,5074.789882,5090.503031,5083.624091,5066.911848,5069.773275,5043.040094,5046.406676,5046.301511,5057.004317,5061.158232,5054.087364,5054.966806,5052.154489,5595.548619,5043.040094
