,DataFile,metric,method,wX,wY,ID,|W|,logWX,logWY,logMeanTime,logMeanTimeReinit,logMinTime,logMaxTime,minTime,maxTime,mean_reinit,mean_sequential,sd,Method,sparsity,batch_size,num_batches,val_2,logW,ID_full,vlookup_cated,base,acceleration
0,../results/GeneratedSparseBatchSizeFixed/1000_cells_10000_features/0.9/100_GPU_kendall.csv,kendall,GPU,1000,10000,1000_10000,10000000,3.0,4.0,7.2134231913630895,7.208909280976273,7.208909280976273,7.217890667891733,16177420.75,16515459.75,16177420.75,16346440.25,169019.5,kendall_GPU,0.9,100,10.0,16515459.75,7.0,1000_10000_0.9_100,1000_10000_0.9_500,15913629.5,0.9735226297970287
1,../results/GeneratedSparseBatchSizeFixed/1000_cells_10000_features/0.9/1000_GPU_kendall.csv,kendall,GPU,1000,10000,1000_10000,10000000,3.0,4.0,7.280623794785537,7.279981630784036,7.279981630784036,7.2812650106611825,19053801.25,19110190.25,19053801.25,19081995.75,28194.5,kendall_GPU,0.9,1000,1.0,19110190.25,7.0,1000_10000_0.9_1000,1000_10000_0.9_500,15913629.5,0.8339604362400092
2,../results/GeneratedSparseBatchSizeFixed/1000_cells_10000_features/0.9/500_GPU_kendall.csv,kendall,GPU,1000,10000,1000_10000,10000000,3.0,4.0,7.201769242629256,7.197786843291899,7.197786843291899,7.205715455678264,15768371.5,16058887.5,15768371.5,15913629.5,145258.0,kendall_GPU,0.9,500,2.0,16058887.5,7.0,1000_10000_0.9_500,1000_10000_0.9_500,15913629.5,1.0
3,../results/GeneratedSparseBatchSizeFixed/1000_cells_10000_features/0.95/100_GPU_kendall.csv,kendall,GPU,1000,10000,1000_10000,10000000,3.0,4.0,6.733555751232204,6.74621990393857,6.720511187510232,6.74621990393857,5254255.5,5574679.5,5574679.5,5414467.5,160212.0,kendall_GPU,0.95,100,10.0,5254255.5,7.0,1000_10000_0.95_100,1000_10000_0.95_500,4521649.875,0.8351051834737211
4,../results/GeneratedSparseBatchSizeFixed/1000_cells_10000_features/0.95/1000_GPU_kendall.csv,kendall,GPU,1000,10000,1000_10000,10000000,3.0,4.0,6.701091964597805,6.7089714930401465,6.693066829781534,6.7089714930401465,4932497.0,5116482.5,5116482.5,5024489.75,91992.75,kendall_GPU,0.95,1000,1.0,4932497.0,7.0,1000_10000_0.95_1000,1000_10000_0.95_500,4521649.875,0.899922201055341
5,../results/GeneratedSparseBatchSizeFixed/1000_cells_10000_features/0.95/500_GPU_kendall.csv,kendall,GPU,1000,10000,1000_10000,10000000,3.0,4.0,6.655296930578458,6.648216328456543,6.648216328456543,6.66226394223408,4448528.0,4594771.75,4448528.0,4521649.875,73121.875,kendall_GPU,0.95,500,2.0,4594771.75,7.0,1000_10000_0.95_500,1000_10000_0.95_500,4521649.875,1.0
6,../results/GeneratedSparseBatchSizeFixed/1000_cells_10000_features/0.75/100_GPU_kendall.csv,kendall,GPU,1000,10000,1000_10000,10000000,3.0,4.0,7.91549768160639,7.899680696176219,7.899680696176219,7.930758798566174,79374444.0,85262644.5,79374444.0,82318544.25,2944100.25,kendall_GPU,0.75,100,10.0,85262644.5,7.0,1000_10000_0.75_100,1000_10000_0.75_500,90670035.5,1.1014533399015982
7,../results/GeneratedSparseBatchSizeFixed/1000_cells_10000_features/0.75/1000_GPU_kendall.csv,kendall,GPU,1000,10000,1000_10000,10000000,3.0,4.0,8.1641572673116,8.149634649120673,8.149634649120673,8.178209928271833,141134974.5,150733550.25,141134974.5,145934262.375,4799287.875,kendall_GPU,0.75,1000,1.0,150733550.25,7.0,1000_10000_0.75_1000,1000_10000_0.75_500,90670035.5,0.62130738885026
8,../results/GeneratedSparseBatchSizeFixed/1000_cells_10000_features/0.75/500_GPU_kendall.csv,kendall,GPU,1000,10000,1000_10000,10000000,3.0,4.0,7.957463785769097,7.944533997296313,7.944533997296313,7.970019732556273,88010400.5,93329670.5,88010400.5,90670035.5,2659635.0,kendall_GPU,0.75,500,2.0,93329670.5,7.0,1000_10000_0.75_500,1000_10000_0.75_500,90670035.5,1.0
9,../results/GeneratedSparseBatchSizeFixed/1000_cells_10000_features/0.99/100_GPU_kendall.csv,kendall,GPU,1000,10000,1000_10000,10000000,3.0,4.0,5.742679775398723,5.724967322056718,5.724967322056718,5.75969805542888,530844.5,575040.0,530844.5,552942.25,22097.75,kendall_GPU,0.99,100,10.0,575040.0,7.0,1000_10000_0.99_100,1000_10000_0.99_500,313202.0,0.5664280492221385
10,../results/GeneratedSparseBatchSizeFixed/1000_cells_10000_features/0.99/1000_GPU_kendall.csv,kendall,GPU,1000,10000,1000_10000,10000000,3.0,4.0,5.42006988028274,5.44624816258855,5.392211837465426,5.44624816258855,246724.25,279414.0,279414.0,263069.125,16344.875,kendall_GPU,0.99,1000,1.0,246724.25,7.0,1000_10000_0.99_1000,1000_10000_0.99_500,313202.0,1.1905692087583444
11,../results/GeneratedSparseBatchSizeFixed/1000_cells_10000_features/0.99/500_GPU_kendall.csv,kendall,GPU,1000,10000,1000_10000,10000000,3.0,4.0,5.495824526649605,5.528824177988845,5.46010968750516,5.528824177988845,288476.0,337928.0,337928.0,313202.0,24726.0,kendall_GPU,0.99,500,2.0,288476.0,7.0,1000_10000_0.99_500,1000_10000_0.99_500,313202.0,1.0
12,../results/GeneratedSparseBatchSizeFixed/1000_cells_10000_features/0.5/100_GPU_kendall.csv,kendall,GPU,1000,10000,1000_10000,10000000,3.0,4.0,8.399791977306078,8.39922242467834,8.39922242467834,8.40036078397596,250739309.0,251397401.25,250739309.0,251068355.125,329046.125,kendall_GPU,0.5,100,10.0,251397401.25,7.0,1000_10000_0.5_100,1000_10000_0.5_500,310476491.75,1.2366213639127175
13,../results/GeneratedSparseBatchSizeFixed/1000_cells_10000_features/0.5/1000_GPU_kendall.csv,kendall,GPU,1000,10000,1000_10000,10000000,3.0,4.0,9.0013966793109,9.000506782203258,9.000506782203258,9.002284756690685,1001167590.25,1005274709.25,1001167590.25,1003221149.75,2053559.5,kendall_GPU,0.5,1000,1.0,1005274709.25,7.0,1000_10000_0.5_1000,1000_10000_0.5_500,310476491.75,0.30947961157654014
14,../results/GeneratedSparseBatchSizeFixed/1000_cells_10000_features/0.5/500_GPU_kendall.csv,kendall,GPU,1000,10000,1000_10000,10000000,3.0,4.0,8.492028722419976,8.482527737531967,8.482527737531967,8.50132629792612,303758009.0,317194974.5,303758009.0,310476491.75,6718482.75,kendall_GPU,0.5,500,2.0,317194974.5,7.0,1000_10000_0.5_500,1000_10000_0.5_500,310476491.75,1.0
15,../results/GeneratedSparseBatchSizeFixed/10000_cells_10_features/0.9/5000_GPU_kendall.csv,kendall,GPU,10000,10,10000_10,100000,4.0,1.0,6.313360845709881,6.363055595104305,6.257236016927497,6.363055595104305,1808156.5,2307042.5,2307042.5,2057599.5,249443.0,kendall_GPU,0.9,5000,2.0,1808156.5,5.0,10000_10_0.9_5000,10000_10_0.9_500,1788238.25,0.8690895628619661
16,../results/GeneratedSparseBatchSizeFixed/10000_cells_10_features/0.9/10000_GPU_kendall.csv,kendall,GPU,10000,10,10000_10,100000,4.0,1.0,6.370468422695568,6.397766343020095,6.34133890001572,6.397766343020095,2194516.75,2499000.5,2499000.5,2346758.625,152241.875,kendall_GPU,0.9,10000,1.0,2194516.75,5.0,10000_10_0.9_10000,10000_10_0.9_500,1788238.25,0.7620034847000935
17,../results/GeneratedSparseBatchSizeFixed/10000_cells_10_features/0.9/100_GPU_kendall.csv,kendall,GPU,10000,10,10000_10,100000,4.0,1.0,6.9851781153102985,6.998060884607644,6.971901482563959,6.998060884607644,9373493.5,9955449.75,9955449.75,9664471.625,290978.125,kendall_GPU,0.9,100,100.0,9373493.5,5.0,10000_10_0.9_100,10000_10_0.9_500,1788238.25,0.1850321796562779
18,../results/GeneratedSparseBatchSizeFixed/10000_cells_10_features/0.9/1000_GPU_kendall.csv,kendall,GPU,10000,10,10000_10,100000,4.0,1.0,6.263792481101081,6.296371448653904,6.2285699237517695,6.296371448653904,1692660.75,1978661.25,1978661.25,1835661.0,143000.25,kendall_GPU,0.9,1000,10.0,1692660.75,5.0,10000_10_0.9_1000,10000_10_0.9_500,1788238.25,0.9741658454366029
19,../results/GeneratedSparseBatchSizeFixed/10000_cells_10_features/0.9/500_GPU_kendall.csv,kendall,GPU,10000,10,10000_10,100000,4.0,1.0,6.2524253801015215,6.265828210662204,6.238595715112601,6.265828210662204,1732190.75,1844285.75,1844285.75,1788238.25,56047.5,kendall_GPU,0.9,500,20.0,1732190.75,5.0,10000_10_0.9_500,10000_10_0.9_500,1788238.25,1.0
20,../results/GeneratedSparseBatchSizeFixed/10000_cells_10_features/0.95/5000_GPU_kendall.csv,kendall,GPU,10000,10,10000_10,100000,4.0,1.0,6.174293509002552,6.238179508947495,6.099361448581576,6.238179508947495,1257075.75,1730531.5,1730531.5,1493803.625,236727.875,kendall_GPU,0.95,5000,2.0,1257075.75,5.0,10000_10_0.95_5000,10000_10_0.95_500,1191834.875,0.797852445297152
21,../results/GeneratedSparseBatchSizeFixed/10000_cells_10_features/0.95/10000_GPU_kendall.csv,kendall,GPU,10000,10,10000_10,100000,4.0,1.0,6.247027093856588,6.2843399173217,6.206204606562038,6.2843399173217,1607698.5,1924597.5,1924597.5,1766148.0,158449.5,kendall_GPU,0.95,10000,1.0,1607698.5,5.0,10000_10_0.95_10000,10000_10_0.95_500,1191834.875,0.6748216315959931
22,../results/GeneratedSparseBatchSizeFixed/10000_cells_10_features/0.95/100_GPU_kendall.csv,kendall,GPU,10000,10,10000_10,100000,4.0,1.0,6.938950041347846,6.945352339176044,6.932451947934413,6.945352339176044,8559570.0,8817639.5,8817639.5,8688604.75,129034.75,kendall_GPU,0.95,100,100.0,8559570.0,5.0,10000_10_0.95_100,10000_10_0.95_500,1191834.875,0.13717218233456874
23,../results/GeneratedSparseBatchSizeFixed/10000_cells_10_features/0.95/1000_GPU_kendall.csv,kendall,GPU,10000,10,10000_10,100000,4.0,1.0,6.109508563163269,6.148039140829245,6.0672237811591625,6.148039140829245,1167411.0,1406174.25,1406174.25,1286792.625,119381.625,kendall_GPU,0.95,1000,10.0,1167411.0,5.0,10000_10_0.95_1000,10000_10_0.95_500,1191834.875,0.9262058639790541
24,../results/GeneratedSparseBatchSizeFixed/10000_cells_10_features/0.95/500_GPU_kendall.csv,kendall,GPU,10000,10,10000_10,100000,4.0,1.0,6.076216089427798,6.08291043629599,6.06941693624255,6.08291043629599,1173321.25,1210348.5,1210348.5,1191834.875,18513.625,kendall_GPU,0.95,500,20.0,1173321.25,5.0,10000_10_0.95_500,10000_10_0.95_500,1191834.875,1.0
25,../results/GeneratedSparseBatchSizeFixed/10000_cells_10_features/0.75/5000_GPU_kendall.csv,kendall,GPU,10000,10,10000_10,100000,4.0,1.0,6.718822723892851,6.738727556265801,6.697961597032008,6.738727556265801,4988403.75,5479331.25,5479331.25,5233867.5,245463.75,kendall_GPU,0.75,5000,2.0,4988403.75,5.0,10000_10_0.75_5000,10000_10_0.75_500,4663427.875,0.8910099223948639
26,../results/GeneratedSparseBatchSizeFixed/10000_cells_10_features/0.75/10000_GPU_kendall.csv,kendall,GPU,10000,10,10000_10,100000,4.0,1.0,6.783112495044413,6.79373921941306,6.772219209934399,6.79373921941306,5918603.0,6219267.25,6219267.25,6068935.125,150332.125,kendall_GPU,0.75,10000,1.0,5918603.0,5.0,10000_10_0.75_10000,10000_10_0.75_500,4663427.875,0.7684095774544962
27,../results/GeneratedSparseBatchSizeFixed/10000_cells_10_features/0.75/100_GPU_kendall.csv,kendall,GPU,10000,10,10000_10,100000,4.0,1.0,7.130964818211221,7.138392911500451,7.123407462080651,7.138392911500451,13286404.25,13752856.5,13752856.5,13519630.375,233226.125,kendall_GPU,0.75,100,100.0,13286404.25,5.0,10000_10_0.75_100,10000_10_0.75_500,4663427.875,0.344937527554262
28,../results/GeneratedSparseBatchSizeFixed/10000_cells_10_features/0.75/1000_GPU_kendall.csv,kendall,GPU,10000,10,10000_10,100000,4.0,1.0,6.693257201973779,6.698344452271233,6.688109653487789,6.698344452271233,4876516.0,4992803.25,4992803.25,4934659.625,58143.625,kendall_GPU,0.75,1000,10.0,4876516.0,5.0,10000_10_0.75_1000,10000_10_0.75_500,4663427.875,0.9450353680675595
29,../results/GeneratedSparseBatchSizeFixed/10000_cells_10_features/0.75/500_GPU_kendall.csv,kendall,GPU,10000,10,10000_10,100000,4.0,1.0,6.668705264312826,6.671199881103389,6.666196235451432,6.671199881103389,4636563.75,4690292.0,4690292.0,4663427.875,26864.125,kendall_GPU,0.75,500,20.0,4636563.75,5.0,10000_10_0.75_500,10000_10_0.75_500,4663427.875,1.0
30,../results/GeneratedSparseBatchSizeFixed/10000_cells_10_features/0.99/5000_GPU_kendall.csv,kendall,GPU,10000,10,10000_10,100000,4.0,1.0,6.11489866739549,6.19145534620936,6.02189600335162,6.19145534620936,1051710.0,1554015.5,1554015.5,1302862.75,251152.75,kendall_GPU,0.99,5000,2.0,1051710.0,5.0,10000_10_0.99_5000,10000_10_0.99_500,985332.0,0.7562822714825487
31,../results/GeneratedSparseBatchSizeFixed/10000_cells_10_features/0.99/10000_GPU_kendall.csv,kendall,GPU,10000,10,10000_10,100000,4.0,1.0,6.203060811850755,6.243611373099432,6.158330371211374,6.243611373099432,1439893.5,1752311.75,1752311.75,1596102.625,156209.125,kendall_GPU,0.99,10000,1.0,1439893.5,5.0,10000_10_0.99_10000,10000_10_0.99_500,985332.0,0.6173362442781523
32,../results/GeneratedSparseBatchSizeFixed/10000_cells_10_features/0.99/100_GPU_kendall.csv,kendall,GPU,10000,10,10000_10,100000,4.0,1.0,6.911642715078709,6.92271016402044,6.900285834232067,6.92271016402044,7948512.0,8369705.25,8369705.25,8159108.625,210596.625,kendall_GPU,0.99,100,100.0,7948512.0,5.0,10000_10_0.99_100,10000_10_0.99_500,985332.0,0.12076466257366442
33,../results/GeneratedSparseBatchSizeFixed/10000_cells_10_features/0.99/1000_GPU_kendall.csv,kendall,GPU,10000,10,10000_10,100000,4.0,1.0,6.056547459015672,6.115645037545175,5.988122101845342,6.115645037545175,973020.75,1305103.75,1305103.75,1139062.25,166041.5,kendall_GPU,0.99,1000,10.0,973020.75,5.0,10000_10_0.99_1000,10000_10_0.99_500,985332.0,0.8650378853306744
34,../results/GeneratedSparseBatchSizeFixed/10000_cells_10_features/0.99/500_GPU_kendall.csv,kendall,GPU,10000,10,10000_10,100000,4.0,1.0,5.993582587324132,6.005143175306037,5.981705829936704,6.005143175306037,958751.0,1011913.0,1011913.0,985332.0,26581.0,kendall_GPU,0.99,500,20.0,958751.0,5.0,10000_10_0.99_500,10000_10_0.99_500,985332.0,1.0
35,../results/GeneratedSparseBatchSizeFixed/10000_cells_10_features/0.5/5000_GPU_kendall.csv,kendall,GPU,10000,10,10000_10,100000,4.0,1.0,7.138827285315905,7.146724881102712,7.130783408436664,7.146724881102712,13513984.25,14019253.25,14019253.25,13766618.75,252634.5,kendall_GPU,0.5,5000,2.0,13513984.25,5.0,10000_10_0.5_5000,10000_10_0.5_500,11156422.125,0.81039667964946
36,../results/GeneratedSparseBatchSizeFixed/10000_cells_10_features/0.5/10000_GPU_kendall.csv,kendall,GPU,10000,10,10000_10,100000,4.0,1.0,7.195462707390856,7.199921419351332,7.190957744531791,7.199921419351332,15522359.75,15846064.5,15846064.5,15684212.125,161852.375,kendall_GPU,0.5,10000,1.0,15522359.75,5.0,10000_10_0.5_10000,10000_10_0.5_500,11156422.125,0.7113154321100461
37,../results/GeneratedSparseBatchSizeFixed/10000_cells_10_features/0.5/100_GPU_kendall.csv,kendall,GPU,10000,10,10000_10,100000,4.0,1.0,7.297764400041125,7.30184052807247,7.293649652216209,7.30184052807247,19662994.25,20037361.25,20037361.25,19850177.75,187183.5,kendall_GPU,0.5,100,100.0,19662994.25,5.0,10000_10_0.5_100,10000_10_0.5_500,11156422.125,0.562031346293612
38,../results/GeneratedSparseBatchSizeFixed/10000_cells_10_features/0.5/1000_GPU_kendall.csv,kendall,GPU,10000,10,10000_10,100000,4.0,1.0,7.06373318465303,7.069911228203697,7.057465985720634,7.069911228203697,11414739.0,11746574.25,11746574.25,11580656.625,165917.625,kendall_GPU,0.5,1000,10.0,11414739.0,5.0,10000_10_0.5_1000,10000_10_0.5_500,11156422.125,0.96336697358903
39,../results/GeneratedSparseBatchSizeFixed/10000_cells_10_features/0.5/500_GPU_kendall.csv,kendall,GPU,10000,10,10000_10,100000,4.0,1.0,7.047524938284033,7.0483301564844725,7.046718224368265,7.0483301564844725,11135718.0,11177126.25,11177126.25,11156422.125,20704.125,kendall_GPU,0.5,500,20.0,11135718.0,5.0,10000_10_0.5_500,10000_10_0.5_500,11156422.125,1.0
40,../results/GeneratedSparseBatchSizeFixed/1000_cells_1000_features/0.9/100_GPU_kendall.csv,kendall,GPU,1000,1000,1000_1000,1000000,3.0,3.0,5.433272069648613,5.444940969949585,5.42128096479917,5.444940969949585,263803.75,278574.25,278574.25,271189.0,7385.25,kendall_GPU,0.9,100,10.0,263803.75,6.0,1000_1000_0.9_100,1000_1000_0.9_500,152553.0,0.5625338785865208
41,../results/GeneratedSparseBatchSizeFixed/1000_cells_1000_features/0.9/1000_GPU_kendall.csv,kendall,GPU,1000,1000,1000_1000,1000000,3.0,3.0,5.204709611981972,5.221396630952389,5.18735571399265,5.221396630952389,153941.5,166493.25,166493.25,160217.375,6275.875,kendall_GPU,0.9,1000,1.0,153941.5,6.0,1000_1000_0.9_1000,1000_1000_0.9_500,152553.0,0.9521626477777457
42,../results/GeneratedSparseBatchSizeFixed/1000_cells_1000_features/0.9/500_GPU_kendall.csv,kendall,GPU,1000,1000,1000_1000,1000000,3.0,3.0,5.183420752592223,5.204971450346999,5.1607445670280105,5.204971450346999,144792.0,160314.0,160314.0,152553.0,7761.0,kendall_GPU,0.9,500,2.0,144792.0,6.0,1000_1000_0.9_500,1000_1000_0.9_500,152553.0,1.0
43,../results/GeneratedSparseBatchSizeFixed/1000_cells_1000_features/0.95/100_GPU_kendall.csv,kendall,GPU,1000,1000,1000_1000,1000000,3.0,3.0,5.18799142136947,5.206344108511846,5.168828823371863,5.206344108511846,147512.5,160821.5,160821.5,154167.0,6654.5,kendall_GPU,0.95,100,10.0,147512.5,6.0,1000_1000_0.95_100,1000_1000_0.95_500,56399.25,0.36583218198447137
44,../results/GeneratedSparseBatchSizeFixed/1000_cells_1000_features/0.95/1000_GPU_kendall.csv,kendall,GPU,1000,1000,1000_1000,1000000,3.0,3.0,4.755218155698397,4.787487041475913,4.720357792660739,4.787487041475913,52524.0,61303.75,61303.75,56913.875,4389.875,kendall_GPU,0.95,1000,1.0,52524.0,6.0,1000_1000_0.95_1000,1000_1000_0.95_500,56399.25,0.9909578288246934
45,../results/GeneratedSparseBatchSizeFixed/1000_cells_1000_features/0.95/500_GPU_kendall.csv,kendall,GPU,1000,1000,1000_1000,1000000,3.0,3.0,4.751273328752364,4.784902449886655,4.71481995070668,4.784902449886655,51858.5,60940.0,60940.0,56399.25,4540.75,kendall_GPU,0.95,500,2.0,51858.5,6.0,1000_1000_0.95_500,1000_1000_0.95_500,56399.25,1.0
46,../results/GeneratedSparseBatchSizeFixed/1000_cells_1000_features/0.75/100_GPU_kendall.csv,kendall,GPU,1000,1000,1000_1000,1000000,3.0,3.0,5.969504789173816,5.980570085667044,5.9581501748228245,5.980570085667044,908134.5,956247.0,956247.0,932190.75,24056.25,kendall_GPU,0.75,100,10.0,908134.5,6.0,1000_1000_0.75_100,1000_1000_0.75_500,855018.75,0.9172143684111862
47,../results/GeneratedSparseBatchSizeFixed/1000_cells_1000_features/0.75/1000_GPU_kendall.csv,kendall,GPU,1000,1000,1000_1000,1000000,3.0,3.0,6.024699837408456,6.047300184261788,6.000858511096495,6.047300184261788,1001978.75,1115065.0,1115065.0,1058521.875,56543.125,kendall_GPU,0.75,1000,1.0,1001978.75,6.0,1000_1000_0.75_1000,1000_1000_0.75_500,855018.75,0.8077478323251468
48,../results/GeneratedSparseBatchSizeFixed/1000_cells_1000_features/0.75/500_GPU_kendall.csv,kendall,GPU,1000,1000,1000_1000,1000000,3.0,3.0,5.9319756386255404,5.927553847060088,5.927553847060088,5.936352862876422,846357.5,863680.0,846357.5,855018.75,8661.25,kendall_GPU,0.75,500,2.0,863680.0,6.0,1000_1000_0.75_500,1000_1000_0.75_500,855018.75,1.0
49,../results/GeneratedSparseBatchSizeFixed/1000_cells_1000_features/0.99/100_GPU_kendall.csv,kendall,GPU,1000,1000,1000_1000,1000000,3.0,3.0,5.014524738877671,5.039840272188249,4.987641689954749,5.039840272188249,97194.5,109607.5,109607.5,103401.0,6206.5,kendall_GPU,0.99,100,10.0,97194.5,6.0,1000_1000_0.99_100,1000_1000_0.99_500,19943.5,0.1928753106836491
50,../results/GeneratedSparseBatchSizeFixed/1000_cells_1000_features/0.99/1000_GPU_kendall.csv,kendall,GPU,1000,1000,1000_1000,1000000,3.0,3.0,4.307859580598467,4.383002546927803,4.216937442295965,4.383002546927803,16479.25,24154.75,24154.75,20317.0,3837.75,kendall_GPU,0.99,1000,1.0,16479.25,6.0,1000_1000_0.99_1000,1000_1000_0.99_500,19943.5,0.9816163803711178
51,../results/GeneratedSparseBatchSizeFixed/1000_cells_1000_features/0.99/500_GPU_kendall.csv,kendall,GPU,1000,1000,1000_1000,1000000,3.0,3.0,4.299801377511212,4.372470122841869,4.212480587721373,4.372470122841869,16311.0,23576.0,23576.0,19943.5,3632.5,kendall_GPU,0.99,500,2.0,16311.0,6.0,1000_1000_0.99_500,1000_1000_0.99_500,19943.5,1.0
52,../results/GeneratedSparseBatchSizeFixed/1000_cells_1000_features/0.5/100_GPU_kendall.csv,kendall,GPU,1000,1000,1000_1000,1000000,3.0,3.0,6.4389970124244815,6.440301864978583,6.437688227578794,6.440301864978583,2739606.75,2756143.75,2756143.75,2747875.25,8268.5,kendall_GPU,0.5,100,10.0,2739606.75,6.0,1000_1000_0.5_100,1000_1000_0.5_500,2716341.125,0.9885241788177975
53,../results/GeneratedSparseBatchSizeFixed/1000_cells_1000_features/0.5/1000_GPU_kendall.csv,kendall,GPU,1000,1000,1000_1000,1000000,3.0,3.0,6.65290541934597,6.658497581961832,6.647240309314736,6.658497581961832,4438541.75,4555096.5,4555096.5,4496819.125,58277.375,kendall_GPU,0.5,1000,1.0,4438541.75,6.0,1000_1000_0.5_1000,1000_1000_0.5_500,2716341.125,0.6040583464650694
54,../results/GeneratedSparseBatchSizeFixed/1000_cells_1000_features/0.5/500_GPU_kendall.csv,kendall,GPU,1000,1000,1000_1000,1000000,3.0,3.0,6.433984308834644,6.435437063773283,6.432526677982336,6.435437063773283,2707239.5,2725442.75,2725442.75,2716341.125,9101.625,kendall_GPU,0.5,500,2.0,2707239.5,6.0,1000_1000_0.5_500,1000_1000_0.5_500,2716341.125,1.0
55,../results/GeneratedSparseBatchSizeFixed/100_cells_1000_features/0.9/100_GPU_kendall.csv,kendall,GPU,100,1000,100_1000,100000,2.0,3.0,3.945560899827013,4.091297562319562,3.724623985053917,4.091297562319562,5304.25,12339.5,12339.5,8821.875,3517.625,kendall_GPU,0.9,100,1.0,5304.25,5.0,100_1000_0.9_100,100_1000_0.9_500,8821.875,1.0
56,../results/GeneratedSparseBatchSizeFixed/100_cells_1000_features/0.95/100_GPU_kendall.csv,kendall,GPU,100,1000,100_1000,100000,2.0,3.0,3.85816861271473,4.027125266305966,3.5778650407463743,4.027125266305966,3783.25,10644.5,10644.5,7213.875,3430.625,kendall_GPU,0.95,100,1.0,3783.25,5.0,100_1000_0.95_100,100_1000_0.95_500,7213.875,1.0
57,../results/GeneratedSparseBatchSizeFixed/100_cells_1000_features/0.75/100_GPU_kendall.csv,kendall,GPU,100,1000,100_1000,100000,2.0,3.0,4.268651089124948,4.334609546454821,4.190849740555827,4.334609546454821,15518.5,21607.75,21607.75,18563.125,3044.625,kendall_GPU,0.75,100,1.0,15518.5,5.0,100_1000_0.75_100,100_1000_0.75_500,18563.125,1.0
58,../results/GeneratedSparseBatchSizeFixed/100_cells_1000_features/0.99/100_GPU_kendall.csv,kendall,GPU,100,1000,100_1000,100000,2.0,3.0,3.86060748504061,4.050108962917868,3.516667559099043,4.050108962917868,3286.0,11223.0,11223.0,7254.5,3968.5,kendall_GPU,0.99,100,1.0,3286.0,5.0,100_1000_0.99_100,100_1000_0.99_500,7254.5,1.0
59,../results/GeneratedSparseBatchSizeFixed/100_cells_1000_features/0.5/100_GPU_kendall.csv,kendall,GPU,100,1000,100_1000,100000,2.0,3.0,4.68260756583347,4.703207521088666,4.660981622022492,4.703207521088666,45812.25,50490.25,50490.25,48151.25,2339.0,kendall_GPU,0.5,100,1.0,45812.25,5.0,100_1000_0.5_100,100_1000_0.5_500,48151.25,1.0
60,../results/GeneratedSparseBatchSizeFixed/10000_cells_100_features/0.9/5000_GPU_kendall.csv,kendall,GPU,10000,100,10000_100,1000000,4.0,2.0,6.519767175169252,6.54943498022837,6.487923109572716,6.54943498022837,3075552.25,3543520.75,3543520.75,3309536.5,233984.25,kendall_GPU,0.9,5000,2.0,3075552.25,6.0,10000_100_0.9_5000,10000_100_0.9_500,2610334.25,0.7887310655132523
61,../results/GeneratedSparseBatchSizeFixed/10000_cells_100_features/0.9/10000_GPU_kendall.csv,kendall,GPU,10000,100,10000_100,1000000,4.0,2.0,6.602745607992732,6.618477731017742,6.58642210633945,6.618477731017742,3858532.0,4154107.5,4154107.5,4006319.75,147787.75,kendall_GPU,0.9,10000,1.0,3858532.0,6.0,10000_100_0.9_10000,10000_100_0.9_500,2610334.25,0.6515541476688175
62,../results/GeneratedSparseBatchSizeFixed/10000_cells_100_features/0.9/100_GPU_kendall.csv,kendall,GPU,10000,100,10000_100,1000000,4.0,2.0,7.088957293880025,7.092626627994839,7.085256693374057,7.092626627994839,12169050.5,12377320.25,12377320.25,12273185.375,104134.875,kendall_GPU,0.9,100,100.0,12169050.5,6.0,10000_100_0.9_100,10000_100_0.9_500,2610334.25,0.2126859629544217
63,../results/GeneratedSparseBatchSizeFixed/10000_cells_100_features/0.9/1000_GPU_kendall.csv,kendall,GPU,10000,100,10000_100,1000000,4.0,2.0,6.4866594503740185,6.492240320826924,6.481005928729221,6.492240320826924,3026954.75,3106278.0,3106278.0,3066616.375,39661.625,kendall_GPU,0.9,1000,10.0,3026954.75,6.0,10000_100_0.9_1000,10000_100_0.9_500,2610334.25,0.8512099104668741
64,../results/GeneratedSparseBatchSizeFixed/10000_cells_100_features/0.9/500_GPU_kendall.csv,kendall,GPU,10000,100,10000_100,1000000,4.0,2.0,6.416696121758287,6.42262053153647,6.410689775372116,6.42262053153647,2574481.5,2646187.0,2646187.0,2610334.25,35852.75,kendall_GPU,0.9,500,20.0,2574481.5,6.0,10000_100_0.9_500,10000_100_0.9_500,2610334.25,1.0
65,../results/GeneratedSparseBatchSizeFixed/10000_cells_100_features/0.95/5000_GPU_kendall.csv,kendall,GPU,10000,100,10000_100,1000000,4.0,2.0,6.248812857039265,6.30451659327714,6.184898381012178,6.30451659327714,1530729.25,2016121.0,2016121.0,1773425.125,242695.875,kendall_GPU,0.95,5000,2.0,1530729.25,6.0,10000_100_0.95_5000,10000_100_0.95_500,1524424.875,0.8595935929350274
66,../results/GeneratedSparseBatchSizeFixed/10000_cells_100_features/0.95/10000_GPU_kendall.csv,kendall,GPU,10000,100,10000_100,1000000,4.0,2.0,6.326071311419232,6.35670384109529,6.293113067632875,6.35670384109529,1963871.5,2273546.5,2273546.5,2118709.0,154837.5,kendall_GPU,0.95,10000,1.0,1963871.5,6.0,10000_100_0.95_10000,10000_100_0.95_500,1524424.875,0.7195064895651078
67,../results/GeneratedSparseBatchSizeFixed/10000_cells_100_features/0.95/100_GPU_kendall.csv,kendall,GPU,10000,100,10000_100,1000000,4.0,2.0,7.000343071102739,7.008163145370477,6.9923795995432805,7.008163145370477,9826064.25,10189741.0,10189741.0,10007902.625,181838.375,kendall_GPU,0.95,100,100.0,9826064.25,6.0,10000_100_0.95_100,10000_100_0.95_500,1524424.875,0.15232211304613888
68,../results/GeneratedSparseBatchSizeFixed/10000_cells_100_features/0.95/1000_GPU_kendall.csv,kendall,GPU,10000,100,10000_100,1000000,4.0,2.0,6.250967191776506,6.297379105314174,6.198995251424453,6.297379105314174,1581230.75,1983257.5,1983257.5,1782244.125,201013.375,kendall_GPU,0.95,1000,10.0,1581230.75,6.0,10000_100_0.95_1000,10000_100_0.95_500,1524424.875,0.8553401038704505
69,../results/GeneratedSparseBatchSizeFixed/10000_cells_100_features/0.95/500_GPU_kendall.csv,kendall,GPU,10000,100,10000_100,1000000,4.0,2.0,6.18310602681431,6.185364632933017,6.180835613080765,6.185364632933017,1516476.25,1532373.5,1532373.5,1524424.875,7948.625,kendall_GPU,0.95,500,20.0,1516476.25,6.0,10000_100_0.95_500,10000_100_0.95_500,1524424.875,1.0
70,../results/GeneratedSparseBatchSizeFixed/10000_cells_100_features/0.75/5000_GPU_kendall.csv,kendall,GPU,10000,100,10000_100,1000000,4.0,2.0,7.142783656597029,7.14848971738854,7.137001626392703,7.14848971738854,13708869.0,14076339.0,14076339.0,13892604.0,183735.0,kendall_GPU,0.75,5000,2.0,13708869.0,6.0,10000_100_0.75_5000,10000_100_0.75_500,9751587.25,0.7019265250776601
71,../results/GeneratedSparseBatchSizeFixed/10000_cells_100_features/0.75/10000_GPU_kendall.csv,kendall,GPU,10000,100,10000_100,1000000,4.0,2.0,7.211708663965854,7.214236676023162,7.209165850242215,7.214236676023162,16186980.75,16377087.75,16377087.75,16282034.25,95053.5,kendall_GPU,0.75,10000,1.0,16186980.75,6.0,10000_100_0.75_10000,10000_100_0.75_500,9751587.25,0.5989170087883828
72,../results/GeneratedSparseBatchSizeFixed/10000_cells_100_features/0.75/100_GPU_kendall.csv,kendall,GPU,10000,100,10000_100,1000000,4.0,2.0,7.284616425534042,7.288818483659186,7.280373312435669,7.288818483659186,19070993.25,19445471.75,19445471.75,19258232.5,187239.25,kendall_GPU,0.75,100,100.0,19070993.25,6.0,10000_100_0.75_100,10000_100_0.75_500,9751587.25,0.5063594101899019
73,../results/GeneratedSparseBatchSizeFixed/10000_cells_100_features/0.75/1000_GPU_kendall.csv,kendall,GPU,10000,100,10000_100,1000000,4.0,2.0,7.011286399525343,7.0166515038962105,7.005854186857157,7.0166515038962105,10135710.25,10390860.25,10390860.25,10263285.25,127575.0,kendall_GPU,0.75,1000,10.0,10135710.25,6.0,10000_100_0.75_1000,10000_100_0.75_500,9751587.25,0.9501428648297581
74,../results/GeneratedSparseBatchSizeFixed/10000_cells_100_features/0.75/500_GPU_kendall.csv,kendall,GPU,10000,100,10000_100,1000000,4.0,2.0,6.989075310858791,6.990461698788266,6.98768448301895,6.990461698788266,9720407.75,9782766.75,9782766.75,9751587.25,31179.5,kendall_GPU,0.75,500,20.0,9720407.75,6.0,10000_100_0.75_500,10000_100_0.75_500,9751587.25,1.0
75,../results/GeneratedSparseBatchSizeFixed/10000_cells_100_features/0.99/5000_GPU_kendall.csv,kendall,GPU,10000,100,10000_100,1000000,4.0,2.0,6.118921418115875,6.189147192228654,6.035107600390412,6.189147192228654,1084195.5,1545778.25,1545778.25,1314986.875,230791.375,kendall_GPU,0.99,5000,2.0,1084195.5,6.0,10000_100_0.99_5000,10000_100_0.99_500,1052842.0,0.8006482954440135
76,../results/GeneratedSparseBatchSizeFixed/10000_cells_100_features/0.99/10000_GPU_kendall.csv,kendall,GPU,10000,100,10000_100,1000000,4.0,2.0,6.201930480409707,6.241607175483559,6.158261144891839,6.241607175483559,1439664.0,1744243.75,1744243.75,1591953.875,152289.875,kendall_GPU,0.99,10000,1.0,1439664.0,6.0,10000_100_0.99_10000,10000_100_0.99_500,1052842.0,0.6613520759199132
77,../results/GeneratedSparseBatchSizeFixed/10000_cells_100_features/0.99/100_GPU_kendall.csv,kendall,GPU,10000,100,10000_100,1000000,4.0,2.0,6.948541566128546,6.957649457544595,6.9392385677643045,6.957649457544595,8694379.0,9070880.75,9070880.75,8882629.875,188250.875,kendall_GPU,0.99,100,100.0,8694379.0,6.0,10000_100_0.99_100,10000_100_0.99_500,1052842.0,0.11852818532529479
78,../results/GeneratedSparseBatchSizeFixed/10000_cells_100_features/0.99/1000_GPU_kendall.csv,kendall,GPU,10000,100,10000_100,1000000,4.0,2.0,6.037586091757261,6.084167616572438,5.985401322898693,6.084167616572438,966944.0,1213857.25,1213857.25,1090400.625,123456.625,kendall_GPU,0.99,1000,10.0,966944.0,6.0,10000_100_0.99_1000,10000_100_0.99_500,1052842.0,0.9655552059134229
79,../results/GeneratedSparseBatchSizeFixed/10000_cells_100_features/0.99/500_GPU_kendall.csv,kendall,GPU,10000,100,10000_100,1000000,4.0,2.0,6.022363201502035,6.017514241998624,6.017514241998624,6.027158618939367,1041152.25,1064531.75,1041152.25,1052842.0,11689.75,kendall_GPU,0.99,500,20.0,1064531.75,6.0,10000_100_0.99_500,10000_100_0.99_500,1052842.0,1.0
80,../results/GeneratedSparseBatchSizeFixed/10000_cells_100_features/0.5/5000_GPU_kendall.csv,kendall,GPU,10000,100,10000_100,1000000,4.0,2.0,7.637227717883512,7.637727740713043,7.636727118691484,7.637727740713043,43323857.5,43423791.5,43423791.5,43373824.5,49967.0,kendall_GPU,0.5,5000,2.0,43323857.5,6.0,10000_100_0.5_5000,10000_100_0.5_500,29426978.875,0.6784501762116919
81,../results/GeneratedSparseBatchSizeFixed/10000_cells_100_features/0.5/10000_GPU_kendall.csv,kendall,GPU,10000,100,10000_100,1000000,4.0,2.0,7.716418546724024,7.715619600249043,7.715619600249043,7.717216026121805,51954073.0,52145402.75,51954073.0,52049737.875,95664.875,kendall_GPU,0.5,10000,1.0,52145402.75,6.0,10000_100_0.5_10000,10000_100_0.5_500,29426978.875,0.56536267186725
82,../results/GeneratedSparseBatchSizeFixed/10000_cells_100_features/0.5/100_GPU_kendall.csv,kendall,GPU,10000,100,10000_100,1000000,4.0,2.0,7.620403899251324,7.619712153277678,7.619712153277678,7.621094545161191,41659317.75,41792133.75,41659317.75,41725725.75,66408.0,kendall_GPU,0.5,100,100.0,41792133.75,6.0,10000_100_0.5_100,10000_100_0.5_500,29426978.875,0.7052478619859596
83,../results/GeneratedSparseBatchSizeFixed/10000_cells_100_features/0.5/1000_GPU_kendall.csv,kendall,GPU,10000,100,10000_100,1000000,4.0,2.0,7.505093940537792,7.505383637134858,7.504804050569307,7.505383637134858,31974521.25,32017221.25,32017221.25,31995871.25,21350.0,kendall_GPU,0.5,1000,10.0,31974521.25,6.0,10000_100_0.5_1000,10000_100_0.5_500,29426978.875,0.9197117542157881
84,../results/GeneratedSparseBatchSizeFixed/10000_cells_100_features/0.5/500_GPU_kendall.csv,kendall,GPU,10000,100,10000_100,1000000,4.0,2.0,7.468745677483041,7.470886057883509,7.46659469614738,7.470886057883509,29281592.75,29572365.0,29572365.0,29426978.875,145386.125,kendall_GPU,0.5,500,20.0,29281592.75,6.0,10000_100_0.5_500,10000_100_0.5_500,29426978.875,1.0
85,../results/GeneratedSparseBatchSizeFixed/100_cells_100000_features/0.9/100_GPU_kendall.csv,kendall,GPU,100,100000,100_100000,10000000,2.0,5.0,7.296335311021648,7.295929716366079,7.295929716366079,7.296740527239199,19766497.25,19803435.0,19766497.25,19784966.125,18468.875,kendall_GPU,0.9,100,1.0,19803435.0,7.0,100_100000_0.9_100,100_100000_0.9_500,19784966.125,1.0
86,../results/GeneratedSparseBatchSizeFixed/100_cells_100000_features/0.95/100_GPU_kendall.csv,kendall,GPU,100,100000,100_100000,10000000,2.0,5.0,6.830623957687405,6.8318017625329945,6.829442949951734,6.8318017625329945,6752163.5,6788936.75,6788936.75,6770550.125,18386.625,kendall_GPU,0.95,100,1.0,6752163.5,7.0,100_100000_0.95_100,100_100000_0.95_500,6770550.125,1.0
87,../results/GeneratedSparseBatchSizeFixed/100_cells_100000_features/0.75/100_GPU_kendall.csv,kendall,GPU,100,100000,100_100000,10000000,2.0,5.0,7.95416215813069,7.946949640303516,7.946949640303516,7.961256848674636,88501298.0,91465402.25,88501298.0,89983350.125,1482052.125,kendall_GPU,0.75,100,1.0,91465402.25,7.0,100_100000_0.75_100,100_100000_0.75_500,89983350.125,1.0
88,../results/GeneratedSparseBatchSizeFixed/100_cells_100000_features/0.99/100_GPU_kendall.csv,kendall,GPU,100,100000,100_100000,10000000,2.0,5.0,5.838515925197958,5.837111272881882,5.837111272881882,5.83991604904546,687244.5,691697.25,687244.5,689470.875,2226.375,kendall_GPU,0.99,100,1.0,691697.25,7.0,100_100000_0.99_100,100_100000_0.99_500,689470.875,1.0
89,../results/GeneratedSparseBatchSizeFixed/100_cells_100000_features/0.5/100_GPU_kendall.csv,kendall,GPU,100,100000,100_100000,10000000,2.0,5.0,8.439064343685898,8.436328202581485,8.436328202581485,8.441783354428722,273104089.0,276556171.5,273104089.0,274830130.25,1726041.25,kendall_GPU,0.5,100,1.0,276556171.5,7.0,100_100000_0.5_100,100_100000_0.5_500,274830130.25,1.0
90,../results/GeneratedSparseBatchSizeFixed/100_cells_10000_features/0.9/100_GPU_kendall.csv,kendall,GPU,100,10000,100_10000,1000000,2.0,4.0,5.400175422367849,5.4127309522510725,5.387246075995885,5.4127309522510725,243919.25,258661.0,258661.0,251290.125,7370.875,kendall_GPU,0.9,100,1.0,243919.25,6.0,100_10000_0.9_100,100_10000_0.9_500,251290.125,1.0
91,../results/GeneratedSparseBatchSizeFixed/100_cells_10000_features/0.95/100_GPU_kendall.csv,kendall,GPU,100,10000,100_10000,1000000,2.0,4.0,4.936018344221137,4.967532766285862,4.902036904310915,4.967532766285862,79806.25,92796.75,92796.75,86301.5,6495.25,kendall_GPU,0.95,100,1.0,79806.25,6.0,100_10000_0.95_100,100_10000_0.95_500,86301.5,1.0
92,../results/GeneratedSparseBatchSizeFixed/100_cells_10000_features/0.75/100_GPU_kendall.csv,kendall,GPU,100,10000,100_10000,1000000,2.0,4.0,6.044840781258332,6.051296298374243,6.038287857184857,6.051296298374243,1092164.0,1125372.5,1125372.5,1108768.25,16604.25,kendall_GPU,0.75,100,1.0,1092164.0,6.0,100_10000_0.75_100,100_10000_0.75_500,1108768.25,1.0
93,../results/GeneratedSparseBatchSizeFixed/100_cells_10000_features/0.99/100_GPU_kendall.csv,kendall,GPU,100,10000,100_10000,1000000,2.0,4.0,4.182774750662419,4.274024999517221,4.067108069059565,4.274024999517221,11671.0,18794.25,18794.25,15232.625,3561.625,kendall_GPU,0.99,100,1.0,11671.0,6.0,100_10000_0.99_100,100_10000_0.99_500,15232.625,1.0
94,../results/GeneratedSparseBatchSizeFixed/100_cells_10000_features/0.5/100_GPU_kendall.csv,kendall,GPU,100,10000,100_10000,1000000,2.0,4.0,6.513016142622896,6.521544782669734,6.504316657181442,6.521544782669734,3193865.75,3323110.5,3323110.5,3258488.125,64622.375,kendall_GPU,0.5,100,1.0,3193865.75,6.0,100_10000_0.5_100,100_10000_0.5_500,3258488.125,1.0
95,../results/GeneratedSparseBatchSizeFixed/1000_cells_100_features/0.9/100_GPU_kendall.csv,kendall,GPU,1000,100,1000_100,100000,3.0,2.0,5.089519636472512,5.11356568601689,5.064063762989722,5.11356568601689,115894.75,129887.0,129887.0,122890.875,6996.125,kendall_GPU,0.9,100,10.0,115894.75,5.0,1000_100_0.9_100,1000_100_0.9_500,38175.5,0.3106455218908646
96,../results/GeneratedSparseBatchSizeFixed/1000_cells_100_features/0.9/1000_GPU_kendall.csv,kendall,GPU,1000,100,1000_100,100000,3.0,2.0,4.60365715458895,4.63624460324966,4.568424682911005,4.63624460324966,37019.0,43275.75,43275.75,40147.375,3128.375,kendall_GPU,0.9,1000,1.0,37019.0,5.0,1000_100_0.9_1000,1000_100_0.9_500,38175.5,0.9508840864440079
97,../results/GeneratedSparseBatchSizeFixed/1000_cells_100_features/0.9/500_GPU_kendall.csv,kendall,GPU,1000,100,1000_100,100000,3.0,2.0,4.581784733896603,4.617689524967724,4.542641839633679,4.617689524967724,34885.25,41465.75,41465.75,38175.5,3290.25,kendall_GPU,0.9,500,2.0,34885.25,5.0,1000_100_0.9_500,1000_100_0.9_500,38175.5,1.0
98,../results/GeneratedSparseBatchSizeFixed/1000_cells_100_features/0.95/100_GPU_kendall.csv,kendall,GPU,1000,100,1000_100,100000,3.0,2.0,5.004283210090754,5.032839276498023,4.973716524101572,5.032839276498023,94127.5,107854.75,107854.75,100991.125,6863.625,kendall_GPU,0.95,100,10.0,94127.5,5.0,1000_100_0.95_100,1000_100_0.95_500,21944.0,0.21728641997007161
99,../results/GeneratedSparseBatchSizeFixed/1000_cells_100_features/0.95/1000_GPU_kendall.csv,kendall,GPU,1000,100,1000_100,100000,3.0,2.0,4.387345326673554,4.45447517143672,4.307907673746101,4.45447517143672,20319.25,28475.75,28475.75,24397.5,4078.25,kendall_GPU,0.95,1000,1.0,20319.25,5.0,1000_100_0.95_1000,1000_100_0.95_500,21944.0,0.8994364176657444
100,../results/GeneratedSparseBatchSizeFixed/1000_cells_100_features/0.95/500_GPU_kendall.csv,kendall,GPU,1000,100,1000_100,100000,3.0,2.0,4.341315794596473,4.414254497113937,4.253604510553344,4.414254497113937,17931.0,25957.0,25957.0,21944.0,4013.0,kendall_GPU,0.95,500,2.0,17931.0,5.0,1000_100_0.95_500,1000_100_0.95_500,21944.0,1.0
101,../results/GeneratedSparseBatchSizeFixed/1000_cells_100_features/0.75/100_GPU_kendall.csv,kendall,GPU,1000,100,1000_100,100000,3.0,2.0,5.301633787946246,5.316857958138674,5.285856486588439,5.316857958138674,193133.0,207423.5,207423.5,200278.25,7145.25,kendall_GPU,0.75,100,10.0,193133.0,5.0,1000_100_0.75_100,1000_100_0.75_500,113907.625,0.5687468559366781
102,../results/GeneratedSparseBatchSizeFixed/1000_cells_100_features/0.75/1000_GPU_kendall.csv,kendall,GPU,1000,100,1000_100,100000,3.0,2.0,5.091863400643963,5.121997037056932,5.059482003720006,5.121997037056932,114678.5,132433.25,132433.25,123555.875,8877.375,kendall_GPU,0.75,1000,1.0,114678.5,5.0,1000_100_0.75_1000,1000_100_0.75_500,113907.625,0.9219118475750344
103,../results/GeneratedSparseBatchSizeFixed/1000_cells_100_features/0.75/500_GPU_kendall.csv,kendall,GPU,1000,100,1000_100,100000,3.0,2.0,5.05655279681471,5.085646396886907,5.025369365947329,5.085646396886907,106015.5,121799.75,121799.75,113907.625,7892.125,kendall_GPU,0.75,500,2.0,106015.5,5.0,1000_100_0.75_500,1000_100_0.75_500,113907.625,1.0
104,../results/GeneratedSparseBatchSizeFixed/1000_cells_100_features/0.99/100_GPU_kendall.csv,kendall,GPU,1000,100,1000_100,100000,3.0,2.0,4.97625022198236,4.999560054076846,4.951617970799831,4.999560054076846,89457.75,99898.75,99898.75,94678.25,5220.5,kendall_GPU,0.99,100,10.0,89457.75,5.0,1000_100_0.99_100,1000_100_0.99_500,16751.75,0.17693345620562273
105,../results/GeneratedSparseBatchSizeFixed/1000_cells_100_features/0.99/1000_GPU_kendall.csv,kendall,GPU,1000,100,1000_100,100000,3.0,2.0,4.263860849512402,4.345932170138125,4.1625793407394855,4.345932170138125,14540.5,22178.5,22178.5,18359.5,3819.0,kendall_GPU,0.99,1000,1.0,14540.5,5.0,1000_100_0.99_1000,1000_100_0.99_500,16751.75,0.9124295323946731
106,../results/GeneratedSparseBatchSizeFixed/1000_cells_100_features/0.99/500_GPU_kendall.csv,kendall,GPU,1000,100,1000_100,100000,3.0,2.0,4.224060183053091,4.321225485417176,4.098695630422251,4.321225485417176,12551.5,20952.0,20952.0,16751.75,4200.25,kendall_GPU,0.99,500,2.0,12551.5,5.0,1000_100_0.99_500,1000_100_0.99_500,16751.75,1.0
107,../results/GeneratedSparseBatchSizeFixed/1000_cells_100_features/0.5/100_GPU_kendall.csv,kendall,GPU,1000,100,1000_100,100000,3.0,2.0,5.605349093006507,5.6113015509373065,5.599313915371281,5.6113015509373065,397478.75,408603.0,408603.0,403040.875,5562.125,kendall_GPU,0.5,100,10.0,397478.75,5.0,1000_100_0.5_100,1000_100_0.5_500,325013.0,0.8064020801860358
108,../results/GeneratedSparseBatchSizeFixed/1000_cells_100_features/0.5/1000_GPU_kendall.csv,kendall,GPU,1000,100,1000_100,100000,3.0,2.0,5.579381259332691,5.577675876405035,5.577675876405035,5.581079971765991,378160.25,381136.0,378160.25,379648.125,1487.875,kendall_GPU,0.5,1000,1.0,381136.0,5.0,1000_100_0.5_1000,1000_100_0.5_500,325013.0,0.856090096586148
109,../results/GeneratedSparseBatchSizeFixed/1000_cells_100_features/0.5/500_GPU_kendall.csv,kendall,GPU,1000,100,1000_100,100000,3.0,2.0,5.511900732410724,5.511401026358697,5.511401026358697,5.512399864153865,324639.25,325386.75,324639.25,325013.0,373.75,kendall_GPU,0.5,500,2.0,325386.75,5.0,1000_100_0.5_500,1000_100_0.5_500,325013.0,1.0
110,../results/GeneratedSparseBatchSizeFixed/10000_cells_1000_features/0.9/5000_GPU_kendall.csv,kendall,GPU,10000,1000,10000_1000,10000000,4.0,3.0,7.613524018154605,7.6004112941886,7.6004112941886,7.626252403567772,39848437.25,42291433.25,39848437.25,41069935.25,1221498.0,kendall_GPU,0.9,5000,2.0,42291433.25,7.0,10000_1000_0.9_5000,10000_1000_0.9_500,16507971.25,0.40194782751696695
111,../results/GeneratedSparseBatchSizeFixed/10000_cells_1000_features/0.9/10000_GPU_kendall.csv,kendall,GPU,10000,1000,10000_1000,10000000,4.0,3.0,7.930974284301032,7.925726640947424,7.925726640947424,7.936159275894361,84280410.25,86329510.0,84280410.25,85304960.125,1024549.875,kendall_GPU,0.9,10000,1.0,86329510.0,7.0,10000_1000_0.9_10000,10000_1000_0.9_500,16507971.25,0.1935171322489379
112,../results/GeneratedSparseBatchSizeFixed/10000_cells_1000_features/0.9/100_GPU_kendall.csv,kendall,GPU,10000,1000,10000_1000,10000000,4.0,3.0,7.493178644604542,7.492947360725519,7.492947360725519,7.493409805378704,31113392.0,31146539.75,31113392.0,31129965.875,16573.875,kendall_GPU,0.9,100,100.0,31146539.75,7.0,10000_1000_0.9_100,10000_1000_0.9_500,16507971.25,0.5302919802831297
113,../results/GeneratedSparseBatchSizeFixed/10000_cells_1000_features/0.9/1000_GPU_kendall.csv,kendall,GPU,10000,1000,10000_1000,10000000,4.0,3.0,7.23330495916539,7.234074690158911,7.232533861500286,7.234074690158911,17081809.0,17142521.0,17142521.0,17112165.0,30356.0,kendall_GPU,0.9,1000,10.0,17081809.0,7.0,10000_1000_0.9_1000,10000_1000_0.9_500,16507971.25,0.9646921502919122
114,../results/GeneratedSparseBatchSizeFixed/10000_cells_1000_features/0.9/500_GPU_kendall.csv,kendall,GPU,10000,1000,10000_1000,10000000,4.0,3.0,7.217693703846205,7.222344066543115,7.212993006271252,7.222344066543115,16330256.5,16685686.0,16685686.0,16507971.25,177714.75,kendall_GPU,0.9,500,20.0,16330256.5,7.0,10000_1000_0.9_500,10000_1000_0.9_500,16507971.25,1.0
115,../results/GeneratedSparseBatchSizeFixed/10000_cells_1000_features/0.95/5000_GPU_kendall.csv,kendall,GPU,10000,1000,10000_1000,10000000,4.0,3.0,7.021709086553817,7.038841444761764,7.0038730236256415,7.038841444761764,10089578.5,10935570.5,10935570.5,10512574.5,422996.0,kendall_GPU,0.95,5000,2.0,10089578.5,7.0,10000_1000_0.95_5000,10000_1000_0.95_500,5125289.125,0.48753891113922665
116,../results/GeneratedSparseBatchSizeFixed/10000_cells_1000_features/0.95/10000_GPU_kendall.csv,kendall,GPU,10000,1000,10000_1000,10000000,4.0,3.0,7.256830621421002,7.258342489709379,7.255313471617208,7.258342489709379,18001698.0,18127691.0,18127691.0,18064694.5,62996.5,kendall_GPU,0.95,10000,1.0,18001698.0,7.0,10000_1000_0.95_10000,10000_1000_0.95_500,5125289.125,0.28371856080931784
117,../results/GeneratedSparseBatchSizeFixed/10000_cells_1000_features/0.95/100_GPU_kendall.csv,kendall,GPU,10000,1000,10000_1000,10000000,4.0,3.0,7.263400479821163,7.2672068520160975,7.259560451496469,7.2672068520160975,18178600.75,18501496.25,18501496.25,18340048.5,161447.75,kendall_GPU,0.95,100,100.0,18178600.75,7.0,10000_1000_0.95_100,10000_1000_0.95_500,5125289.125,0.2794588642990775
118,../results/GeneratedSparseBatchSizeFixed/10000_cells_1000_features/0.95/1000_GPU_kendall.csv,kendall,GPU,10000,1000,10000_1000,10000000,4.0,3.0,6.762310091609536,6.772582626840351,6.751788677418022,6.772582626840351,5646621.5,5923557.75,5923557.75,5785089.625,138468.125,kendall_GPU,0.95,1000,10.0,5646621.5,7.0,10000_1000_0.95_1000,10000_1000_0.95_500,5125289.125,0.8859480936736568
119,../results/GeneratedSparseBatchSizeFixed/10000_cells_1000_features/0.95/500_GPU_kendall.csv,kendall,GPU,10000,1000,10000_1000,10000000,4.0,3.0,6.709718369601031,6.723527932132559,6.695455232755,6.723527932132559,4959698.0,5290880.25,5290880.25,5125289.125,165591.125,kendall_GPU,0.95,500,20.0,4959698.0,7.0,10000_1000_0.95_500,10000_1000_0.95_500,5125289.125,1.0
120,../results/GeneratedSparseBatchSizeFixed/10000_cells_1000_features/0.75/5000_GPU_kendall.csv,kendall,GPU,10000,1000,10000_1000,10000000,4.0,3.0,8.599624302659924,8.588627406346392,8.588627406346392,8.610349606302195,387817503.5,407708350.25,387817503.5,397762926.875,9945423.375,kendall_GPU,0.75,5000,2.0,407708350.25,7.0,10000_1000_0.75_5000,10000_1000_0.75_500,83377714.125,0.20961660449366634
121,../results/GeneratedSparseBatchSizeFixed/10000_cells_1000_features/0.75/10000_GPU_kendall.csv,kendall,GPU,10000,1000,10000_1000,10000000,4.0,3.0,8.83011680487371,8.835458805947264,8.82470827581496,8.835458805947264,667895128.5,684634540.5,684634540.5,676264834.5,8369706.0,kendall_GPU,0.75,10000,1.0,667895128.5,7.0,10000_1000_0.75_10000,10000_1000_0.75_500,83377714.125,0.12329151224704114
122,../results/GeneratedSparseBatchSizeFixed/10000_cells_1000_features/0.75/100_GPU_kendall.csv,kendall,GPU,10000,1000,10000_1000,10000000,4.0,3.0,8.030097238931475,8.028675169002597,8.028675169002597,8.031514667575397,106825557.75,107526291.5,106825557.75,107175924.625,350366.875,kendall_GPU,0.75,100,100.0,107526291.5,7.0,10000_1000_0.75_100,10000_1000_0.75_500,83377714.125,0.7779518993349669
123,../results/GeneratedSparseBatchSizeFixed/10000_cells_1000_features/0.75/1000_GPU_kendall.csv,kendall,GPU,10000,1000,10000_1000,10000000,4.0,3.0,7.937671307275749,7.937028636554369,7.937028636554369,7.938313028375491,86502495.5,86758698.5,86502495.5,86630597.0,128101.5,kendall_GPU,0.75,1000,10.0,86758698.5,7.0,10000_1000_0.75_1000,10000_1000_0.75_500,83377714.125,0.9624511086423657
124,../results/GeneratedSparseBatchSizeFixed/10000_cells_1000_features/0.75/500_GPU_kendall.csv,kendall,GPU,10000,1000,10000_1000,10000000,4.0,3.0,7.921049984379782,7.9145167344237315,7.9145167344237315,7.927486407087516,82132820.0,84622608.25,82132820.0,83377714.125,1244894.125,kendall_GPU,0.75,500,20.0,84622608.25,7.0,10000_1000_0.75_500,10000_1000_0.75_500,83377714.125,1.0
125,../results/GeneratedSparseBatchSizeFixed/10000_cells_1000_features/0.99/5000_GPU_kendall.csv,kendall,GPU,10000,1000,10000_1000,10000000,4.0,3.0,6.292677005537738,6.3420400370498085,6.2369750509267226,6.3420400370498085,1725738.75,2198062.5,2198062.5,1961900.625,236161.875,kendall_GPU,0.99,5000,2.0,1725738.75,7.0,10000_1000_0.99_5000,10000_1000_0.99_500,1218665.75,0.6211658911113299
126,../results/GeneratedSparseBatchSizeFixed/10000_cells_1000_features/0.99/10000_GPU_kendall.csv,kendall,GPU,10000,1000,10000_1000,10000000,4.0,3.0,6.365861981609166,6.389050493472082,6.341365170422994,6.389050493472082,2194649.5,2449348.0,2449348.0,2321998.75,127349.25,kendall_GPU,0.99,10000,1.0,2194649.5,7.0,10000_1000_0.99_10000,10000_1000_0.99_500,1218665.75,0.5248348001909993
127,../results/GeneratedSparseBatchSizeFixed/10000_cells_1000_features/0.99/100_GPU_kendall.csv,kendall,GPU,10000,1000,10000_1000,10000000,4.0,3.0,7.006059824428908,7.013529867206298,6.998459041800814,7.013529867206298,9964581.0,10316440.25,10316440.25,10140510.625,175929.625,kendall_GPU,0.99,100,100.0,9964581.0,7.0,10000_1000_0.99_100,10000_1000_0.99_500,1218665.75,0.12017794715342552
128,../results/GeneratedSparseBatchSizeFixed/10000_cells_1000_features/0.99/1000_GPU_kendall.csv,kendall,GPU,10000,1000,10000_1000,10000000,4.0,3.0,6.189279572202398,6.197827837812267,6.180559666077478,6.197827837812267,1515513.0,1576986.0,1576986.0,1546249.5,30736.5,kendall_GPU,0.99,1000,10.0,1515513.0,7.0,10000_1000_0.99_1000,10000_1000_0.99_500,1218665.75,0.7881430196097072
129,../results/GeneratedSparseBatchSizeFixed/10000_cells_1000_features/0.99/500_GPU_kendall.csv,kendall,GPU,10000,1000,10000_1000,10000000,4.0,3.0,6.085884605670831,6.119561042225543,6.049375619703426,6.119561042225543,1120406.5,1316925.0,1316925.0,1218665.75,98259.25,kendall_GPU,0.99,500,20.0,1120406.5,7.0,10000_1000_0.99_500,10000_1000_0.99_500,1218665.75,1.0
130,../results/GeneratedSparseBatchSizeFixed/10000_cells_1000_features/0.5/5000_GPU_kendall.csv,kendall,GPU,10000,1000,10000_1000,10000000,4.0,3.0,9.274101567289287,9.271702961615802,9.271702961615802,9.2764869982096,1869403113.25,1890109644.75,1869403113.25,1879756379.0,10353265.75,kendall_GPU,0.5,5000,2.0,1890109644.75,7.0,10000_1000_0.5_5000,10000_1000_0.5_500,252713427.625,0.13443945739364346
131,../results/GeneratedSparseBatchSizeFixed/10000_cells_1000_features/0.5/10000_GPU_kendall.csv,kendall,GPU,10000,1000,10000_1000,10000000,4.0,3.0,9.50547470592035,9.505329814760184,9.505329814760184,9.505619548757434,3201325358.25,3203461794.0,3201325358.25,3202393576.125,1068217.875,kendall_GPU,0.5,10000,1.0,3203461794.0,7.0,10000_1000_0.5_10000,10000_1000_0.5_500,252713427.625,0.07891391911008998
132,../results/GeneratedSparseBatchSizeFixed/10000_cells_1000_features/0.5/100_GPU_kendall.csv,kendall,GPU,10000,1000,10000_1000,10000000,4.0,3.0,8.494653311919551,8.495806662014443,8.493496890730437,8.495806662014443,311527859.25,313189116.75,313189116.75,312358488.0,830628.75,kendall_GPU,0.5,100,100.0,311527859.25,7.0,10000_1000_0.5_100,10000_1000_0.5_500,252713427.625,0.8090493370072914
133,../results/GeneratedSparseBatchSizeFixed/10000_cells_1000_features/0.5/1000_GPU_kendall.csv,kendall,GPU,10000,1000,10000_1000,10000000,4.0,3.0,8.543015280717638,8.537051068054417,8.537051068054417,8.548898694575168,344390424.75,353914775.75,344390424.75,349152600.25,4762175.5,kendall_GPU,0.5,1000,10.0,353914775.75,7.0,10000_1000_0.5_1000,10000_1000_0.5_500,252713427.625,0.7237907649665284
134,../results/GeneratedSparseBatchSizeFixed/10000_cells_1000_features/0.5/500_GPU_kendall.csv,kendall,GPU,10000,1000,10000_1000,10000000,4.0,3.0,8.40262831824961,8.399917403476799,8.399917403476799,8.405322416107735,251140875.25,254285980.0,251140875.25,252713427.625,1572552.375,kendall_GPU,0.5,500,20.0,254285980.0,7.0,10000_1000_0.5_500,10000_1000_0.5_500,252713427.625,1.0
